[2026-04-03T06:34:26.383Z] [DEBUG] Fetching 5-day forecast from API
{
  "city": "srinagar"
}
---
[2026-04-03T06:34:26.648Z] [INFO] 5-day forecast fetched successfully
{
  "city": "srinagar",
  "forecastItems": 40
}
---
[2026-04-03T06:34:26.814Z] [DEBUG] Forecast cache hit
{
  "city": "srinagar",
  "cached": true
}
---
[2026-04-03T06:34:27.021Z] [DEBUG] Claims retrieved
{
  "userId": "69ba2ebd4834ce594366687b",
  "count": 11
}
---
[2026-04-03T06:34:27.042Z] [DEBUG] Fetching current weather from API
{
  "city": "srinagar"
}
---
[2026-04-03T06:34:27.088Z] [INFO] Current weather fetched successfully
{
  "city": "srinagar",
  "temp": 16.04,
  "condition": "Clouds"
}
---
[2026-04-03T06:34:27.165Z] [DEBUG] Claims retrieved
{
  "userId": "69ba2ebd4834ce594366687b",
  "count": 11
}
---
[2026-04-03T06:34:27.193Z] [DEBUG] Weather cache hit
{
  "city": "srinagar",
  "cached": true
}
---
[2026-04-03T06:34:27.273Z] [DEBUG] Weather cache hit
{
  "city": "srinagar",
  "cached": true
}
---
[2026-04-03T06:34:27.336Z] [DEBUG] Weather cache hit
{
  "city": "srinagar",
  "cached": true
}
---
[2026-04-03T06:34:27.338Z] [DEBUG] Forecast cache hit
{
  "city": "srinagar",
  "cached": true
}
---
[2026-04-03T06:34:27.454Z] [DEBUG] Weather cache hit
{
  "city": "srinagar",
  "cached": true
}
---
[2026-04-03T06:34:27.613Z] [DEBUG] Weather cache hit
{
  "city": "srinagar",
  "cached": true
}
---
[2026-04-03T06:34:27.615Z] [DEBUG] Forecast cache hit
{
  "city": "srinagar",
  "cached": true
}
---
[2026-04-03T06:34:59.691Z] [DEBUG] Forecast cache hit
{
  "city": "srinagar",
  "cached": true
}
---
[2026-04-03T06:34:59.833Z] [DEBUG] Forecast cache hit
{
  "city": "srinagar",
  "cached": true
}
---
[2026-04-03T06:35:00.013Z] [DEBUG] Claims retrieved
{
  "userId": "69ba2ebd4834ce594366687b",
  "count": 11
}
---
[2026-04-03T06:35:00.025Z] [DEBUG] Weather cache hit
{
  "city": "srinagar",
  "cached": true
}
---
[2026-04-03T06:35:00.173Z] [DEBUG] Claims retrieved
{
  "userId": "69ba2ebd4834ce594366687b",
  "count": 11
}
---
[2026-04-03T06:35:00.191Z] [DEBUG] Weather cache hit
{
  "city": "srinagar",
  "cached": true
}
---
[2026-04-03T06:35:00.197Z] [DEBUG] Weather cache hit
{
  "city": "srinagar",
  "cached": true
}
---
[2026-04-03T06:35:00.269Z] [DEBUG] Weather cache hit
{
  "city": "srinagar",
  "cached": true
}
---
[2026-04-03T06:35:00.271Z] [DEBUG] Forecast cache hit
{
  "city": "srinagar",
  "cached": true
}
---
[2026-04-03T06:35:00.383Z] [DEBUG] Weather cache hit
{
  "city": "srinagar",
  "cached": true
}
---
[2026-04-03T06:35:00.568Z] [DEBUG] Weather cache hit
{
  "city": "srinagar",
  "cached": true
}
---
[2026-04-03T06:35:00.576Z] [DEBUG] Forecast cache hit
{
  "city": "srinagar",
  "cached": true
}
---
[2026-04-03T06:35:20.649Z] [DEBUG] Claims retrieved
{
  "userId": "69ba2ebd4834ce594366687b",
  "count": 11
}
---
[2026-04-03T06:35:20.755Z] [DEBUG] Claims retrieved
{
  "userId": "69ba2ebd4834ce594366687b",
  "count": 11
}
---
[2026-04-03T06:35:36.954Z] [DEBUG] Weather cache hit
{
  "city": "srinagar",
  "cached": true
}
---
[2026-04-03T06:35:37.028Z] [DEBUG] Weather cache hit
{
  "city": "srinagar",
  "cached": true
}
---
[2026-04-03T06:35:40.075Z] [DEBUG] Claims retrieved
{
  "userId": "69ba2ebd4834ce594366687b",
  "count": 11
}
---
[2026-04-03T06:35:40.178Z] [DEBUG] Claims retrieved
{
  "userId": "69ba2ebd4834ce594366687b",
  "count": 11
}
---
[2026-04-03T06:35:47.517Z] [INFO] Claim auto request received
{
  "userId": "69ba2ebd4834ce594366687b",
  "ip": "::1",
  "timestamp": "2026-04-03T06:35:47.516Z"
}
---
[2026-04-03T06:35:47.565Z] [DEBUG] Weather cache hit
{
  "city": "srinagar",
  "cached": true
}
---
[2026-04-03T06:35:47.649Z] [INFO] Claim eligibility evaluated
{
  "userId": "69ba2ebd4834ce594366687b",
  "city": "srinagar",
  "rain": 0,
  "threshold": 0.3,
  "decision": "NOT_ELIGIBLE",
  "status": "none"
}
---
[2026-04-03T06:35:47.651Z] [INFO] Claim automation completed successfully
{
  "userId": "69ba2ebd4834ce594366687b",
  "city": "srinagar",
  "rainMm": 0,
  "claimCreated": false
}
---
[2026-04-03T06:35:47.789Z] [DEBUG] Claims retrieved
{
  "userId": "69ba2ebd4834ce594366687b",
  "count": 11
}
---
[2026-04-03T06:36:00.812Z] [DEBUG] Claims retrieved
{
  "userId": "69ba2ebd4834ce594366687b",
  "count": 11
}
---
[2026-04-03T06:36:00.907Z] [DEBUG] Claims retrieved
{
  "userId": "69ba2ebd4834ce594366687b",
  "count": 11
}
---
[2026-04-03T06:36:33.465Z] [ERROR] Email already registered
{
  "statusCode": 409,
  "errorCode": "INTERNAL_SERVER_ERROR",
  "path": "/api/auth/register",
  "method": "POST",
  "ip": "::1",
  "stack": "Error: Email already registered\n    at registerUser (D:\\ctkmani\\ctkmani\\server\\services\\authService.js:27:19)\n    at process.processTicksAndRejections (node:internal/process/task_queues:105:5)\n    at async D:\\ctkmani\\ctkmani\\server\\controllers\\authController.js:7:18"
}
---
[2026-04-03T06:36:48.515Z] [DEBUG] Fetching 5-day forecast from API
{
  "city": "Bangalore"
}
---
[2026-04-03T06:36:48.656Z] [INFO] 5-day forecast fetched successfully
{
  "city": "Bangalore",
  "forecastItems": 40
}
---
[2026-04-03T06:36:48.800Z] [DEBUG] Forecast cache hit
{
  "city": "Bangalore",
  "cached": true
}
---
[2026-04-03T06:36:48.939Z] [DEBUG] Claims retrieved
{
  "userId": "69cf5ffa626dba0e2eb7e115",
  "count": 0
}
---
[2026-04-03T06:36:48.966Z] [DEBUG] Fetching current weather from API
{
  "city": "Bangalore"
}
---
[2026-04-03T06:36:49.000Z] [INFO] Current weather fetched successfully
{
  "city": "Bangalore",
  "temp": 30.24,
  "condition": "Clouds"
}
---
[2026-04-03T06:36:49.075Z] [DEBUG] Claims retrieved
{
  "userId": "69cf5ffa626dba0e2eb7e115",
  "count": 0
}
---
[2026-04-03T06:36:49.106Z] [DEBUG] Weather cache hit
{
  "city": "Bangalore",
  "cached": true
}
---
[2026-04-03T06:36:49.138Z] [DEBUG] Weather cache hit
{
  "city": "Bangalore",
  "cached": true
}
---
[2026-04-03T06:36:49.206Z] [DEBUG] Weather cache hit
{
  "city": "srinagar",
  "cached": true
}
---
[2026-04-03T06:36:49.209Z] [DEBUG] Forecast cache hit
{
  "city": "srinagar",
  "cached": true
}
---
[2026-04-03T06:36:49.270Z] [DEBUG] Weather cache hit
{
  "city": "Bangalore",
  "cached": true
}
---
[2026-04-03T06:36:49.372Z] [DEBUG] Weather cache hit
{
  "city": "srinagar",
  "cached": true
}
---
[2026-04-03T06:36:49.373Z] [DEBUG] Forecast cache hit
{
  "city": "srinagar",
  "cached": true
}
---
[2026-04-03T06:37:22.199Z] [DEBUG] Fetching 5-day forecast from API
{
  "city": "Vijayawada"
}
---
[2026-04-03T06:37:22.338Z] [INFO] 5-day forecast fetched successfully
{
  "city": "Vijayawada",
  "forecastItems": 40
}
---
[2026-04-03T06:37:22.432Z] [DEBUG] Fetching current weather from API
{
  "city": "Vijayawada"
}
---
[2026-04-03T06:37:22.434Z] [DEBUG] Forecast cache hit
{
  "city": "Vijayawada",
  "cached": true
}
---
[2026-04-03T06:37:22.463Z] [INFO] Current weather fetched successfully
{
  "city": "Vijayawada",
  "temp": 33.97,
  "condition": "Clouds"
}
---
[2026-04-03T06:37:38.886Z] [DEBUG] Forecast cache hit
{
  "city": "Vijayawada",
  "cached": true
}
---
[2026-04-03T06:37:39.053Z] [DEBUG] Forecast cache hit
{
  "city": "Vijayawada",
  "cached": true
}
---
[2026-04-03T06:37:39.218Z] [DEBUG] Claims retrieved
{
  "userId": "69cf5ffa626dba0e2eb7e115",
  "count": 0
}
---
[2026-04-03T06:37:39.250Z] [DEBUG] Weather cache hit
{
  "city": "Vijayawada",
  "cached": true
}
---
[2026-04-03T06:37:39.399Z] [DEBUG] Claims retrieved
{
  "userId": "69cf5ffa626dba0e2eb7e115",
  "count": 0
}
---
[2026-04-03T06:37:39.439Z] [DEBUG] Weather cache hit
{
  "city": "Vijayawada",
  "cached": true
}
---
[2026-04-03T06:37:39.445Z] [DEBUG] Weather cache hit
{
  "city": "Vijayawada",
  "cached": true
}
---
[2026-04-03T06:37:39.523Z] [DEBUG] Weather cache hit
{
  "city": "Vijayawada",
  "cached": true
}
---
[2026-04-03T06:37:39.526Z] [DEBUG] Forecast cache hit
{
  "city": "Vijayawada",
  "cached": true
}
---
[2026-04-03T06:37:39.599Z] [DEBUG] Weather cache hit
{
  "city": "Vijayawada",
  "cached": true
}
---
[2026-04-03T06:37:39.688Z] [DEBUG] Weather cache hit
{
  "city": "Vijayawada",
  "cached": true
}
---
[2026-04-03T06:37:39.690Z] [DEBUG] Forecast cache hit
{
  "city": "Vijayawada",
  "cached": true
}
---
[2026-04-03T06:37:43.071Z] [DEBUG] Forecast cache hit
{
  "city": "Vijayawada",
  "cached": true
}
---
[2026-04-03T06:37:43.218Z] [DEBUG] Forecast cache hit
{
  "city": "Vijayawada",
  "cached": true
}
---
[2026-04-03T06:37:43.365Z] [DEBUG] Claims retrieved
{
  "userId": "69cf5ffa626dba0e2eb7e115",
  "count": 0
}
---
[2026-04-03T06:37:43.392Z] [DEBUG] Weather cache hit
{
  "city": "Vijayawada",
  "cached": true
}
---
[2026-04-03T06:37:43.549Z] [DEBUG] Claims retrieved
{
  "userId": "69cf5ffa626dba0e2eb7e115",
  "count": 0
}
---
[2026-04-03T06:37:43.556Z] [DEBUG] Weather cache hit
{
  "city": "Vijayawada",
  "cached": true
}
---
[2026-04-03T06:37:43.588Z] [DEBUG] Weather cache hit
{
  "city": "Vijayawada",
  "cached": true
}
---
[2026-04-03T06:37:43.627Z] [DEBUG] Weather cache hit
{
  "city": "Vijayawada",
  "cached": true
}
---
[2026-04-03T06:37:43.630Z] [DEBUG] Forecast cache hit
{
  "city": "Vijayawada",
  "cached": true
}
---
[2026-04-03T06:37:43.765Z] [DEBUG] Weather cache hit
{
  "city": "Vijayawada",
  "cached": true
}
---
[2026-04-03T06:37:43.817Z] [DEBUG] Weather cache hit
{
  "city": "Vijayawada",
  "cached": true
}
---
[2026-04-03T06:37:43.818Z] [DEBUG] Forecast cache hit
{
  "city": "Vijayawada",
  "cached": true
}
---
[2026-04-03T06:37:53.609Z] [DEBUG] Forecast cache hit
{
  "city": "Vijayawada",
  "cached": true
}
---
[2026-04-03T06:37:53.781Z] [DEBUG] Forecast cache hit
{
  "city": "Vijayawada",
  "cached": true
}
---
[2026-04-03T06:37:53.940Z] [DEBUG] Claims retrieved
{
  "userId": "69cf5ffa626dba0e2eb7e115",
  "count": 0
}
---
[2026-04-03T06:37:53.977Z] [DEBUG] Weather cache hit
{
  "city": "Vijayawada",
  "cached": true
}
---
[2026-04-03T06:37:54.096Z] [DEBUG] Claims retrieved
{
  "userId": "69cf5ffa626dba0e2eb7e115",
  "count": 0
}
---
[2026-04-03T06:37:54.118Z] [DEBUG] Weather cache hit
{
  "city": "Vijayawada",
  "cached": true
}
---
[2026-04-03T06:37:54.149Z] [DEBUG] Weather cache hit
{
  "city": "Vijayawada",
  "cached": true
}
---
[2026-04-03T06:37:54.238Z] [DEBUG] Weather cache hit
{
  "city": "Vijayawada",
  "cached": true
}
---
[2026-04-03T06:37:54.240Z] [DEBUG] Forecast cache hit
{
  "city": "Vijayawada",
  "cached": true
}
---
[2026-04-03T06:37:54.290Z] [DEBUG] Weather cache hit
{
  "city": "Vijayawada",
  "cached": true
}
---
[2026-04-03T06:37:54.442Z] [DEBUG] Weather cache hit
{
  "city": "Vijayawada",
  "cached": true
}
---
[2026-04-03T06:37:54.443Z] [DEBUG] Forecast cache hit
{
  "city": "Vijayawada",
  "cached": true
}
---
[2026-04-03T06:38:00.115Z] [DEBUG] Forecast cache hit
{
  "city": "srinagar",
  "cached": true
}
---
[2026-04-03T06:38:00.252Z] [DEBUG] Weather cache hit
{
  "city": "srinagar",
  "cached": true
}
---
[2026-04-03T06:38:00.253Z] [DEBUG] Forecast cache hit
{
  "city": "srinagar",
  "cached": true
}
---
[2026-04-03T06:38:19.751Z] [DEBUG] Forecast cache hit
{
  "city": "srinagar",
  "cached": true
}
---
[2026-04-03T06:38:19.859Z] [DEBUG] Weather cache hit
{
  "city": "srinagar",
  "cached": true
}
---
[2026-04-03T06:38:19.860Z] [DEBUG] Forecast cache hit
{
  "city": "srinagar",
  "cached": true
}
---
[2026-04-03T06:38:28.748Z] [DEBUG] Forecast cache hit
{
  "city": "srinagar",
  "cached": true
}
---
[2026-04-03T06:38:28.880Z] [DEBUG] Forecast cache hit
{
  "city": "srinagar",
  "cached": true
}
---
[2026-04-03T06:38:29.059Z] [DEBUG] Claims retrieved
{
  "userId": "69cf5ffa626dba0e2eb7e115",
  "count": 0
}
---
[2026-04-03T06:38:29.085Z] [DEBUG] Weather cache hit
{
  "city": "srinagar",
  "cached": true
}
---
[2026-04-03T06:38:29.197Z] [DEBUG] Claims retrieved
{
  "userId": "69cf5ffa626dba0e2eb7e115",
  "count": 0
}
---
[2026-04-03T06:38:29.221Z] [DEBUG] Weather cache hit
{
  "city": "srinagar",
  "cached": true
}
---
[2026-04-03T06:38:29.259Z] [DEBUG] Weather cache hit
{
  "city": "srinagar",
  "cached": true
}
---
[2026-04-03T06:38:29.343Z] [DEBUG] Weather cache hit
{
  "city": "srinagar",
  "cached": true
}
---
[2026-04-03T06:38:29.346Z] [DEBUG] Forecast cache hit
{
  "city": "srinagar",
  "cached": true
}
---
[2026-04-03T06:38:29.423Z] [DEBUG] Weather cache hit
{
  "city": "srinagar",
  "cached": true
}
---
[2026-04-03T06:38:29.545Z] [DEBUG] Weather cache hit
{
  "city": "srinagar",
  "cached": true
}
---
[2026-04-03T06:38:29.546Z] [DEBUG] Forecast cache hit
{
  "city": "srinagar",
  "cached": true
}
---
[2026-04-03T06:38:53.879Z] [DEBUG] Claims retrieved
{
  "userId": "69cf5ffa626dba0e2eb7e115",
  "count": 0
}
---
[2026-04-03T06:38:54.016Z] [DEBUG] Claims retrieved
{
  "userId": "69cf5ffa626dba0e2eb7e115",
  "count": 0
}
---
[2026-04-03T06:39:02.177Z] [DEBUG] Weather cache hit
{
  "city": "srinagar",
  "cached": true
}
---
[2026-04-03T06:39:02.304Z] [DEBUG] Weather cache hit
{
  "city": "srinagar",
  "cached": true
}
---
[2026-04-03T06:39:05.060Z] [DEBUG] Claims retrieved
{
  "userId": "69cf5ffa626dba0e2eb7e115",
  "count": 0
}
---
[2026-04-03T06:39:05.149Z] [DEBUG] Claims retrieved
{
  "userId": "69cf5ffa626dba0e2eb7e115",
  "count": 0
}
---
[2026-04-03T06:39:08.859Z] [DEBUG] Weather cache hit
{
  "city": "srinagar",
  "cached": true
}
---
[2026-04-03T06:39:08.933Z] [DEBUG] Weather cache hit
{
  "city": "srinagar",
  "cached": true
}
---
[2026-04-03T06:39:34.390Z] [DEBUG] Claims retrieved
{
  "userId": "69cf5ffa626dba0e2eb7e115",
  "count": 0
}
---
[2026-04-03T06:39:34.480Z] [DEBUG] Claims retrieved
{
  "userId": "69cf5ffa626dba0e2eb7e115",
  "count": 0
}
---
[2026-04-03T06:39:38.792Z] [DEBUG] Weather cache hit
{
  "city": "srinagar",
  "cached": true
}
---
[2026-04-03T06:39:38.796Z] [DEBUG] Weather cache hit
{
  "city": "srinagar",
  "cached": true
}
---
[2026-04-03T06:39:43.024Z] [DEBUG] Claims retrieved
{
  "userId": "69cf5ffa626dba0e2eb7e115",
  "count": 0
}
---
[2026-04-03T06:39:43.139Z] [DEBUG] Claims retrieved
{
  "userId": "69cf5ffa626dba0e2eb7e115",
  "count": 0
}
---
[2026-04-03T06:39:45.788Z] [DEBUG] Weather cache hit
{
  "city": "srinagar",
  "cached": true
}
---
[2026-04-03T06:39:45.856Z] [DEBUG] Weather cache hit
{
  "city": "srinagar",
  "cached": true
}
---
[2026-04-03T06:39:47.115Z] [DEBUG] Claims retrieved
{
  "userId": "69cf5ffa626dba0e2eb7e115",
  "count": 0
}
---
[2026-04-03T06:39:47.203Z] [DEBUG] Claims retrieved
{
  "userId": "69cf5ffa626dba0e2eb7e115",
  "count": 0
}
---
[2026-04-03T06:40:23.164Z] [DEBUG] Forecast cache hit
{
  "city": "srinagar",
  "cached": true
}
---
[2026-04-03T06:40:23.300Z] [DEBUG] Forecast cache hit
{
  "city": "srinagar",
  "cached": true
}
---
[2026-04-03T06:40:23.458Z] [DEBUG] Claims retrieved
{
  "userId": "69ba2ebd4834ce594366687b",
  "count": 11
}
---
[2026-04-03T06:40:23.477Z] [DEBUG] Weather cache hit
{
  "city": "srinagar",
  "cached": true
}
---
[2026-04-03T06:40:23.634Z] [DEBUG] Weather cache hit
{
  "city": "srinagar",
  "cached": true
}
---
[2026-04-03T06:40:23.640Z] [DEBUG] Claims retrieved
{
  "userId": "69ba2ebd4834ce594366687b",
  "count": 11
}
---
[2026-04-03T06:40:23.665Z] [DEBUG] Weather cache hit
{
  "city": "srinagar",
  "cached": true
}
---
[2026-04-03T06:40:23.721Z] [DEBUG] Weather cache hit
{
  "city": "srinagar",
  "cached": true
}
---
[2026-04-03T06:40:23.723Z] [DEBUG] Forecast cache hit
{
  "city": "srinagar",
  "cached": true
}
---
[2026-04-03T06:40:23.810Z] [DEBUG] Weather cache hit
{
  "city": "srinagar",
  "cached": true
}
---
[2026-04-03T06:40:23.899Z] [DEBUG] Weather cache hit
{
  "city": "srinagar",
  "cached": true
}
---
[2026-04-03T06:40:23.900Z] [DEBUG] Forecast cache hit
{
  "city": "srinagar",
  "cached": true
}
---
[2026-04-03T06:40:34.632Z] [DEBUG] Claims retrieved
{
  "userId": "69ba2ebd4834ce594366687b",
  "count": 11
}
---
[2026-04-03T06:40:34.714Z] [DEBUG] Claims retrieved
{
  "userId": "69ba2ebd4834ce594366687b",
  "count": 11
}
---
[2026-04-03T06:55:47.805Z] [DEBUG] Fetching current weather from API
{
  "city": "Bangalore"
}
---
[2026-04-03T06:55:47.973Z] [INFO] Current weather fetched successfully
{
  "city": "Bangalore",
  "temp": 30.99,
  "condition": "Clouds"
}
---
[2026-04-03T06:55:48.059Z] [INFO] Claim auto request received
{
  "userId": "69cf6473b5600b8fd10827da",
  "ip": "::1",
  "timestamp": "2026-04-03T06:55:48.057Z"
}
---
[2026-04-03T06:55:48.125Z] [DEBUG] Weather cache hit
{
  "city": "Bangalore",
  "cached": true
}
---
[2026-04-03T06:55:48.248Z] [INFO] Claim eligibility evaluated
{
  "userId": "69cf6473b5600b8fd10827da",
  "city": "Bangalore",
  "rain": 0,
  "threshold": 1,
  "decision": "NOT_ELIGIBLE",
  "status": "not_eligible"
}
---
[2026-04-03T06:55:48.250Z] [INFO] Claim automation completed successfully
{
  "userId": "69cf6473b5600b8fd10827da",
  "city": "Bangalore",
  "rainMm": 0,
  "claimCreated": true,
  "claimDecision": "not_eligible"
}
---
[2026-04-03T06:55:48.335Z] [DEBUG] Claims retrieved
{
  "userId": "69cf6473b5600b8fd10827da",
  "count": 1
}
---
[2026-04-03T06:56:20.850Z] [DEBUG] Fetching current weather from API
{
  "city": "Mumbai"
}
---
[2026-04-03T06:56:20.855Z] [DEBUG] Fetching 5-day forecast from API
{
  "city": "Mumbai"
}
---
[2026-04-03T06:56:20.969Z] [INFO] Current weather fetched successfully
{
  "city": "Mumbai",
  "temp": 31.99,
  "condition": "Smoke"
}
---
[2026-04-03T06:56:21.001Z] [INFO] 5-day forecast fetched successfully
{
  "city": "Mumbai",
  "forecastItems": 40
}
---
[2026-04-03T06:56:21.111Z] [DEBUG] Fetching current weather from API
{
  "city": "Kochi"
}
---
[2026-04-03T06:56:21.114Z] [DEBUG] Fetching 5-day forecast from API
{
  "city": "Kochi"
}
---
[2026-04-03T06:56:21.145Z] [INFO] Current weather fetched successfully
{
  "city": "Kochi",
  "temp": 30.57,
  "condition": "Clouds"
}
---
[2026-04-03T06:56:21.172Z] [INFO] 5-day forecast fetched successfully
{
  "city": "Kochi",
  "forecastItems": 40
}
---
[2026-04-03T06:56:21.257Z] [DEBUG] Fetching current weather from API
{
  "city": "Chennai"
}
---
[2026-04-03T06:56:21.259Z] [DEBUG] Fetching 5-day forecast from API
{
  "city": "Chennai"
}
---
[2026-04-03T06:56:21.287Z] [INFO] 5-day forecast fetched successfully
{
  "city": "Chennai",
  "forecastItems": 40
}
---
[2026-04-03T06:56:21.289Z] [INFO] Current weather fetched successfully
{
  "city": "Chennai",
  "temp": 33.26,
  "condition": "Clouds"
}
---
[2026-04-03T06:56:21.362Z] [DEBUG] Fetching current weather from API
{
  "city": "Kolkata"
}
---
[2026-04-03T06:56:21.366Z] [DEBUG] Fetching 5-day forecast from API
{
  "city": "Kolkata"
}
---
[2026-04-03T06:56:21.397Z] [INFO] Current weather fetched successfully
{
  "city": "Kolkata",
  "temp": 35.97,
  "condition": "Haze"
}
---
[2026-04-03T06:56:21.402Z] [INFO] 5-day forecast fetched successfully
{
  "city": "Kolkata",
  "forecastItems": 40
}
---
[2026-04-03T06:56:21.487Z] [DEBUG] Fetching current weather from API
{
  "city": "Mangalore"
}
---
[2026-04-03T06:56:21.490Z] [DEBUG] Fetching 5-day forecast from API
{
  "city": "Mangalore"
}
---
[2026-04-03T06:56:21.521Z] [INFO] Current weather fetched successfully
{
  "city": "Mangalore",
  "temp": 32.48,
  "condition": "Clouds"
}
---
[2026-04-03T06:56:21.530Z] [INFO] 5-day forecast fetched successfully
{
  "city": "Mangalore",
  "forecastItems": 40
}
---
[2026-04-03T06:56:21.611Z] [DEBUG] Fetching current weather from API
{
  "city": "Mysuru"
}
---
[2026-04-03T06:56:21.614Z] [DEBUG] Fetching 5-day forecast from API
{
  "city": "Mysuru"
}
---
[2026-04-03T06:56:21.649Z] [INFO] Current weather fetched successfully
{
  "city": "Mysuru",
  "temp": 32,
  "condition": "Clouds"
}
---
[2026-04-03T06:56:21.658Z] [INFO] 5-day forecast fetched successfully
{
  "city": "Mysuru",
  "forecastItems": 40
}
---
[2026-04-03T06:56:21.737Z] [DEBUG] Fetching current weather from API
{
  "city": "Port Blair"
}
---
[2026-04-03T06:56:21.739Z] [DEBUG] Fetching 5-day forecast from API
{
  "city": "Port Blair"
}
---
[2026-04-03T06:56:21.772Z] [INFO] Current weather fetched successfully
{
  "city": "Port Blair",
  "temp": 32.02,
  "condition": "Clouds"
}
---
[2026-04-03T06:56:21.779Z] [INFO] 5-day forecast fetched successfully
{
  "city": "Port Blair",
  "forecastItems": 40
}
---
[2026-04-03T06:56:21.860Z] [DEBUG] Fetching current weather from API
{
  "city": "Shillong"
}
---
[2026-04-03T06:56:21.863Z] [DEBUG] Fetching 5-day forecast from API
{
  "city": "Shillong"
}
---
[2026-04-03T06:56:21.899Z] [INFO] 5-day forecast fetched successfully
{
  "city": "Shillong",
  "forecastItems": 40
}
---
[2026-04-03T06:56:21.900Z] [INFO] Current weather fetched successfully
{
  "city": "Shillong",
  "temp": 25.02,
  "condition": "Haze"
}
---
[2026-04-03T06:56:53.941Z] [INFO] Claim eligibility evaluated
{
  "userId": "69cf6473b5600b8fd10827da",
  "city": "Bangalore",
  "rain": 10,
  "threshold": 1,
  "decision": "ELIGIBLE",
  "status": "eligible"
}
---
[2026-04-03T06:56:54.142Z] [INFO] Claim redeemed and approved
{
  "userId": "69cf6473b5600b8fd10827da",
  "rain": 10,
  "threshold": 1,
  "decision": "REDEEMED",
  "status": "approved"
}
---
[2026-04-03T06:58:52.165Z] [ERROR] Not Found - /api/policy/create
{
  "statusCode": 404,
  "errorCode": "INTERNAL_SERVER_ERROR",
  "path": "/api/policy/create",
  "method": "POST",
  "ip": "::ffff:127.0.0.1",
  "stack": "Error: Not Found - /api/policy/create\n    at notFound (D:\\ctkmani\\ctkmani\\server\\middleware\\errorMiddleware.js:9:8)\n    at Layer.handle [as handle_request] (D:\\ctkmani\\ctkmani\\server\\node_modules\\express\\lib\\router\\layer.js:95:5)\n    at trim_prefix (D:\\ctkmani\\ctkmani\\server\\node_modules\\express\\lib\\router\\index.js:328:13)\n    at D:\\ctkmani\\ctkmani\\server\\node_modules\\express\\lib\\router\\index.js:286:9\n    at Function.process_params (D:\\ctkmani\\ctkmani\\server\\node_modules\\express\\lib\\router\\index.js:346:12)\n    at next (D:\\ctkmani\\ctkmani\\server\\node_modules\\express\\lib\\router\\index.js:280:10)\n    at logger (D:\\ctkmani\\ctkmani\\server\\node_modules\\morgan\\index.js:144:5)\n    at Layer.handle [as handle_request] (D:\\ctkmani\\ctkmani\\server\\node_modules\\express\\lib\\router\\layer.js:95:5)\n    at trim_prefix (D:\\ctkmani\\ctkmani\\server\\node_modules\\express\\lib\\router\\index.js:328:13)\n    at D:\\ctkmani\\ctkmani\\server\\node_modules\\express\\lib\\router\\index.js:286:9"
}
---
[2026-04-03T06:59:21.829Z] [INFO] Claim auto request received
{
  "userId": "69cf654815c2802adebe6ef7",
  "ip": "::ffff:127.0.0.1",
  "timestamp": "2026-04-03T06:59:21.827Z"
}
---
[2026-04-03T06:59:22.016Z] [INFO] Claim eligibility evaluated
{
  "userId": "69cf654815c2802adebe6ef7",
  "city": "Bangalore",
  "rain": 10,
  "threshold": 1,
  "decision": "ELIGIBLE",
  "status": "eligible"
}
---
[2026-04-03T06:59:22.018Z] [INFO] Claim automation completed successfully
{
  "userId": "69cf654815c2802adebe6ef7",
  "city": "Bangalore",
  "rainMm": 10,
  "claimCreated": true,
  "claimDecision": "eligible"
}
---
[2026-04-03T07:00:02.959Z] [INFO] Claim auto request received
{
  "userId": "69cf65725c5036cc253837c6",
  "ip": "::ffff:127.0.0.1",
  "timestamp": "2026-04-03T07:00:02.956Z"
}
---
[2026-04-03T07:00:03.107Z] [INFO] Claim eligibility evaluated
{
  "userId": "69cf65725c5036cc253837c6",
  "city": "Bangalore",
  "rain": 0,
  "threshold": 1,
  "decision": "NOT_ELIGIBLE",
  "status": "not_eligible"
}
---
[2026-04-03T07:00:03.108Z] [INFO] Claim automation completed successfully
{
  "userId": "69cf65725c5036cc253837c6",
  "city": "Bangalore",
  "rainMm": 0,
  "claimCreated": true,
  "claimDecision": "not_eligible"
}
---
[2026-04-03T07:00:03.204Z] [DEBUG] Claims retrieved
{
  "userId": "69cf65725c5036cc253837c6",
  "count": 1
}
---
[2026-04-03T07:00:03.266Z] [INFO] Claim auto request received
{
  "userId": "69cf65725c5036cc253837c6",
  "ip": "::ffff:127.0.0.1",
  "timestamp": "2026-04-03T07:00:03.262Z"
}
---
[2026-04-03T07:00:03.416Z] [INFO] Claim eligibility evaluated
{
  "userId": "69cf65725c5036cc253837c6",
  "city": "Bangalore",
  "rain": 10,
  "threshold": 1,
  "decision": "ELIGIBLE",
  "status": "eligible"
}
---
[2026-04-03T07:00:03.417Z] [INFO] Claim automation completed successfully
{
  "userId": "69cf65725c5036cc253837c6",
  "city": "Bangalore",
  "rainMm": 10,
  "claimCreated": true,
  "claimDecision": "eligible"
}
---
[2026-04-03T07:00:03.494Z] [DEBUG] Claims retrieved
{
  "userId": "69cf65725c5036cc253837c6",
  "count": 1
}
---
[2026-04-03T07:00:03.730Z] [INFO] Claim redeemed and approved
{
  "userId": "69cf65725c5036cc253837c6",
  "rain": 10,
  "threshold": 1,
  "decision": "REDEEMED",
  "status": "approved"
}
---
[2026-04-03T07:00:03.808Z] [DEBUG] Claims retrieved
{
  "userId": "69cf65725c5036cc253837c6",
  "count": 1
}
---
[2026-04-03T07:03:16.071Z] [DEBUG] Fetching 5-day forecast from API
{
  "city": "srinagar"
}
---
[2026-04-03T07:03:16.236Z] [INFO] 5-day forecast fetched successfully
{
  "city": "srinagar",
  "forecastItems": 40
}
---
[2026-04-03T07:03:16.377Z] [DEBUG] Forecast cache hit
{
  "city": "srinagar",
  "cached": true
}
---
[2026-04-03T07:03:16.515Z] [DEBUG] Claims retrieved
{
  "userId": "69ba2ebd4834ce594366687b",
  "count": 11
}
---
[2026-04-03T07:03:16.554Z] [DEBUG] Fetching current weather from API
{
  "city": "srinagar"
}
---
[2026-04-03T07:03:16.591Z] [INFO] Current weather fetched successfully
{
  "city": "srinagar",
  "temp": 16.01,
  "condition": "Clouds"
}
---
[2026-04-03T07:03:16.625Z] [DEBUG] Claims retrieved
{
  "userId": "69ba2ebd4834ce594366687b",
  "count": 11
}
---
[2026-04-03T07:03:16.677Z] [DEBUG] Weather cache hit
{
  "city": "srinagar",
  "cached": true
}
---
[2026-04-03T07:03:16.735Z] [DEBUG] Weather cache hit
{
  "city": "srinagar",
  "cached": true
}
---
[2026-04-03T07:03:16.799Z] [DEBUG] Weather cache hit
{
  "city": "srinagar",
  "cached": true
}
---
[2026-04-03T07:03:16.800Z] [DEBUG] Forecast cache hit
{
  "city": "srinagar",
  "cached": true
}
---
[2026-04-03T07:03:16.858Z] [DEBUG] Weather cache hit
{
  "city": "srinagar",
  "cached": true
}
---
[2026-04-03T07:03:16.983Z] [DEBUG] Weather cache hit
{
  "city": "srinagar",
  "cached": true
}
---
[2026-04-03T07:03:16.984Z] [DEBUG] Forecast cache hit
{
  "city": "srinagar",
  "cached": true
}
---
[2026-04-03T07:03:25.123Z] [DEBUG] Claims retrieved
{
  "userId": "69ba2ebd4834ce594366687b",
  "count": 11
}
---
[2026-04-03T07:03:25.226Z] [DEBUG] Claims retrieved
{
  "userId": "69ba2ebd4834ce594366687b",
  "count": 11
}
---
[2026-04-03T07:03:38.314Z] [DEBUG] Claims retrieved
{
  "userId": "69ba2ebd4834ce594366687b",
  "count": 11
}
---
[2026-04-03T07:03:38.408Z] [DEBUG] Claims retrieved
{
  "userId": "69ba2ebd4834ce594366687b",
  "count": 11
}
---
[2026-04-03T07:03:52.736Z] [DEBUG] Claims retrieved
{
  "userId": "69cf5ffa626dba0e2eb7e115",
  "count": 0
}
---
[2026-04-03T07:03:52.831Z] [DEBUG] Claims retrieved
{
  "userId": "69cf5ffa626dba0e2eb7e115",
  "count": 0
}
---
[2026-04-03T07:03:56.024Z] [DEBUG] Weather cache hit
{
  "city": "srinagar",
  "cached": true
}
---
[2026-04-03T07:03:56.133Z] [DEBUG] Weather cache hit
{
  "city": "srinagar",
  "cached": true
}
---
[2026-04-03T07:05:54.401Z] [DEBUG] Claims retrieved
{
  "userId": "69cf5ffa626dba0e2eb7e115",
  "count": 0
}
---
[2026-04-03T07:05:54.496Z] [DEBUG] Claims retrieved
{
  "userId": "69cf5ffa626dba0e2eb7e115",
  "count": 0
}
---
[2026-04-03T07:05:56.634Z] [DEBUG] Weather cache hit
{
  "city": "srinagar",
  "cached": true
}
---
[2026-04-03T07:05:56.755Z] [DEBUG] Weather cache hit
{
  "city": "srinagar",
  "cached": true
}
---
[2026-04-03T07:05:58.745Z] [DEBUG] Claims retrieved
{
  "userId": "69cf5ffa626dba0e2eb7e115",
  "count": 0
}
---
[2026-04-03T07:05:58.840Z] [DEBUG] Claims retrieved
{
  "userId": "69cf5ffa626dba0e2eb7e115",
  "count": 0
}
---
[2026-04-03T07:06:02.650Z] [DEBUG] Claims retrieved
{
  "userId": "69cf5ffa626dba0e2eb7e115",
  "count": 0
}
---
[2026-04-03T07:06:02.739Z] [DEBUG] Claims retrieved
{
  "userId": "69cf5ffa626dba0e2eb7e115",
  "count": 0
}
---
[2026-04-03T10:14:46.823Z] [INFO] Claim auto request received
{
  "userId": "69cf93166c63c51b1e9792bd",
  "ip": "::ffff:127.0.0.1",
  "timestamp": "2026-04-03T10:14:46.821Z"
}
---
[2026-04-03T10:14:46.985Z] [INFO] Claim eligibility evaluated
{
  "userId": "69cf93166c63c51b1e9792bd",
  "city": "Bangalore",
  "rain": 0,
  "threshold": 1,
  "decision": "NOT_ELIGIBLE",
  "status": "not_eligible"
}
---
[2026-04-03T10:14:46.987Z] [INFO] Claim automation completed successfully
{
  "userId": "69cf93166c63c51b1e9792bd",
  "city": "Bangalore",
  "rainMm": 0,
  "claimCreated": true,
  "claimDecision": "not_eligible"
}
---
[2026-04-03T10:14:47.081Z] [DEBUG] Claims retrieved
{
  "userId": "69cf93166c63c51b1e9792bd",
  "count": 1
}
---
[2026-04-03T10:14:47.165Z] [INFO] Claim auto request received
{
  "userId": "69cf93166c63c51b1e9792bd",
  "ip": "::ffff:127.0.0.1",
  "timestamp": "2026-04-03T10:14:47.164Z"
}
---
[2026-04-03T10:14:47.326Z] [INFO] Claim eligibility evaluated
{
  "userId": "69cf93166c63c51b1e9792bd",
  "city": "Bangalore",
  "rain": 10,
  "threshold": 1,
  "decision": "ELIGIBLE",
  "status": "eligible"
}
---
[2026-04-03T10:14:47.327Z] [INFO] Claim automation completed successfully
{
  "userId": "69cf93166c63c51b1e9792bd",
  "city": "Bangalore",
  "rainMm": 10,
  "claimCreated": true,
  "claimDecision": "eligible"
}
---
[2026-04-03T10:14:47.404Z] [DEBUG] Claims retrieved
{
  "userId": "69cf93166c63c51b1e9792bd",
  "count": 1
}
---
[2026-04-03T10:14:47.627Z] [INFO] Claim redeemed and approved
{
  "userId": "69cf93166c63c51b1e9792bd",
  "rain": 10,
  "threshold": 1,
  "decision": "REDEEMED",
  "status": "approved"
}
---
[2026-04-03T10:14:47.708Z] [DEBUG] Claims retrieved
{
  "userId": "69cf93166c63c51b1e9792bd",
  "count": 1
}
---
[2026-04-03T10:22:07.759Z] [INFO] Claim auto request received
{
  "userId": "69cf94cf48247c4c7881f2b3",
  "ip": "::ffff:127.0.0.1",
  "timestamp": "2026-04-03T10:22:07.758Z"
}
---
[2026-04-03T10:22:07.931Z] [INFO] Claim eligibility evaluated
{
  "userId": "69cf94cf48247c4c7881f2b3",
  "city": "Bangalore",
  "rain": 0,
  "threshold": 1,
  "decision": "NOT_ELIGIBLE",
  "status": "not_eligible"
}
---
[2026-04-03T10:22:07.932Z] [INFO] Claim automation completed successfully
{
  "userId": "69cf94cf48247c4c7881f2b3",
  "city": "Bangalore",
  "rainMm": 0,
  "claimCreated": true,
  "claimDecision": "not_eligible"
}
---
[2026-04-03T10:22:08.021Z] [DEBUG] Claims retrieved
{
  "userId": "69cf94cf48247c4c7881f2b3",
  "count": 1
}
---
[2026-04-03T10:22:08.069Z] [INFO] Claim auto request received
{
  "userId": "69cf94cf48247c4c7881f2b3",
  "ip": "::ffff:127.0.0.1",
  "timestamp": "2026-04-03T10:22:08.069Z"
}
---
[2026-04-03T10:22:08.230Z] [INFO] Claim eligibility evaluated
{
  "userId": "69cf94cf48247c4c7881f2b3",
  "city": "Bangalore",
  "rain": 10,
  "threshold": 1,
  "decision": "ELIGIBLE",
  "status": "eligible"
}
---
[2026-04-03T10:22:08.231Z] [INFO] Claim automation completed successfully
{
  "userId": "69cf94cf48247c4c7881f2b3",
  "city": "Bangalore",
  "rainMm": 10,
  "claimCreated": true,
  "claimDecision": "eligible"
}
---
[2026-04-03T10:22:08.313Z] [DEBUG] Claims retrieved
{
  "userId": "69cf94cf48247c4c7881f2b3",
  "count": 1
}
---
[2026-04-03T10:22:08.551Z] [INFO] Claim redeemed and approved
{
  "userId": "69cf94cf48247c4c7881f2b3",
  "rain": 10,
  "threshold": 1,
  "decision": "REDEEMED",
  "status": "approved"
}
---
[2026-04-03T10:22:08.635Z] [DEBUG] Claims retrieved
{
  "userId": "69cf94cf48247c4c7881f2b3",
  "count": 1
}
---
[2026-04-03T10:26:27.731Z] [INFO] Claim auto request received
{
  "userId": "69cf95d333bb1a33853719b7",
  "ip": "::ffff:127.0.0.1",
  "timestamp": "2026-04-03T10:26:27.731Z"
}
---
[2026-04-03T10:26:27.772Z] [ERROR] Claim automation failed
{
  "userId": "69cf95d333bb1a33853719b7",
  "error": "Partner profile incomplete",
  "errorCode": "PARTNER_PROFILE_INCOMPLETE",
  "statusCode": 400
}
---
[2026-04-03T10:26:27.774Z] [ERROR] Partner profile incomplete
{
  "statusCode": 400,
  "errorCode": "PARTNER_PROFILE_INCOMPLETE",
  "userId": "69cf95d333bb1a33853719b7",
  "path": "/api/claim/auto",
  "method": "POST",
  "ip": "::ffff:127.0.0.1",
  "stack": "Error: Partner profile incomplete\n    at validateUserProfile (D:\\ctkmani\\ctkmani\\server\\utils\\claimValidator.js:25:17)\n    at evaluateClaimEligibility (D:\\ctkmani\\ctkmani\\server\\services\\claimService.js:146:16)\n    at process.processTicksAndRejections (node:internal/process/task_queues:105:5)\n    at async autoClaim (D:\\ctkmani\\ctkmani\\server\\controllers\\claimController.js:28:20)"
}
---
[2026-04-03T10:26:28.083Z] [INFO] Claim auto request received
{
  "userId": "69cf95d333bb1a33853719be",
  "ip": "::ffff:127.0.0.1",
  "timestamp": "2026-04-03T10:26:28.082Z"
}
---
[2026-04-03T10:26:28.337Z] [INFO] Claim eligibility evaluated
{
  "userId": "69cf95d333bb1a33853719be",
  "city": "Pune",
  "rain": 2,
  "threshold": 10,
  "decision": "NOT_ELIGIBLE",
  "status": "not_eligible"
}
---
[2026-04-03T10:26:28.339Z] [INFO] Claim automation completed successfully
{
  "userId": "69cf95d333bb1a33853719be",
  "city": "Pune",
  "rainMm": 2,
  "claimCreated": true,
  "claimDecision": "not_eligible"
}
---
[2026-04-03T10:26:28.389Z] [INFO] Claim auto request received
{
  "userId": "69cf95d333bb1a33853719be",
  "ip": "::ffff:127.0.0.1",
  "timestamp": "2026-04-03T10:26:28.388Z"
}
---
[2026-04-03T10:26:28.560Z] [INFO] Claim eligibility evaluated
{
  "userId": "69cf95d333bb1a33853719be",
  "city": "Pune",
  "rain": 20,
  "threshold": 10,
  "decision": "ELIGIBLE",
  "status": "eligible"
}
---
[2026-04-03T10:26:28.561Z] [INFO] Claim automation completed successfully
{
  "userId": "69cf95d333bb1a33853719be",
  "city": "Pune",
  "rainMm": 20,
  "claimCreated": true,
  "claimDecision": "eligible"
}
---
[2026-04-03T10:26:28.884Z] [INFO] Claim auto request received
{
  "userId": "69cf95d433bb1a33853719d6",
  "ip": "::ffff:127.0.0.1",
  "timestamp": "2026-04-03T10:26:28.883Z"
}
---
[2026-04-03T10:26:28.886Z] [INFO] Claim auto request received
{
  "userId": "69cf95d433bb1a33853719d6",
  "ip": "::ffff:127.0.0.1",
  "timestamp": "2026-04-03T10:26:28.886Z"
}
---
[2026-04-03T10:26:28.893Z] [INFO] Claim auto request received
{
  "userId": "69cf95d433bb1a33853719d6",
  "ip": "::ffff:127.0.0.1",
  "timestamp": "2026-04-03T10:26:28.892Z"
}
---
[2026-04-03T10:26:29.043Z] [ERROR] Claim automation failed
{
  "userId": "69cf95d433bb1a33853719d6",
  "error": "E11000 duplicate key error collection: gigshield_vnext.policies index: userId_1 dup key: { userId: ObjectId('69cf95d433bb1a33853719d6') }"
}
---
[2026-04-03T10:26:29.046Z] [ERROR] E11000 duplicate key error collection: gigshield_vnext.policies index: userId_1 dup key: { userId: ObjectId('69cf95d433bb1a33853719d6') }
{
  "statusCode": 500,
  "errorCode": "CLAIM_AUTOMATION_FAILED",
  "userId": "69cf95d433bb1a33853719d6",
  "path": "/api/claim/auto",
  "method": "POST",
  "ip": "::ffff:127.0.0.1",
  "stack": "MongoServerError: E11000 duplicate key error collection: gigshield_vnext.policies index: userId_1 dup key: { userId: ObjectId('69cf95d433bb1a33853719d6') }\n    at InsertOneOperation.handleOk (D:\\ctkmani\\ctkmani\\server\\node_modules\\mongodb\\lib\\operations\\insert.js:51:19)\n    at tryOperation (D:\\ctkmani\\ctkmani\\server\\node_modules\\mongodb\\lib\\operations\\execute_operation.js:214:34)\n    at process.processTicksAndRejections (node:internal/process/task_queues:105:5)\n    at async executeOperation (D:\\ctkmani\\ctkmani\\server\\node_modules\\mongodb\\lib\\operations\\execute_operation.js:78:16)\n    at async Collection.insertOne (D:\\ctkmani\\ctkmani\\server\\node_modules\\mongodb\\lib\\collection.js:154:16)"
}
---
[2026-04-03T10:26:29.050Z] [ERROR] Claim automation failed
{
  "userId": "69cf95d433bb1a33853719d6",
  "error": "E11000 duplicate key error collection: gigshield_vnext.policies index: userId_1 dup key: { userId: ObjectId('69cf95d433bb1a33853719d6') }"
}
---
[2026-04-03T10:26:29.051Z] [ERROR] E11000 duplicate key error collection: gigshield_vnext.policies index: userId_1 dup key: { userId: ObjectId('69cf95d433bb1a33853719d6') }
{
  "statusCode": 500,
  "errorCode": "CLAIM_AUTOMATION_FAILED",
  "userId": "69cf95d433bb1a33853719d6",
  "path": "/api/claim/auto",
  "method": "POST",
  "ip": "::ffff:127.0.0.1",
  "stack": "MongoServerError: E11000 duplicate key error collection: gigshield_vnext.policies index: userId_1 dup key: { userId: ObjectId('69cf95d433bb1a33853719d6') }\n    at InsertOneOperation.handleOk (D:\\ctkmani\\ctkmani\\server\\node_modules\\mongodb\\lib\\operations\\insert.js:51:19)\n    at tryOperation (D:\\ctkmani\\ctkmani\\server\\node_modules\\mongodb\\lib\\operations\\execute_operation.js:214:34)\n    at process.processTicksAndRejections (node:internal/process/task_queues:105:5)\n    at async executeOperation (D:\\ctkmani\\ctkmani\\server\\node_modules\\mongodb\\lib\\operations\\execute_operation.js:78:16)\n    at async Collection.insertOne (D:\\ctkmani\\ctkmani\\server\\node_modules\\mongodb\\lib\\collection.js:154:16)"
}
---
[2026-04-03T10:26:29.101Z] [INFO] Claim eligibility evaluated
{
  "userId": "69cf95d433bb1a33853719d6",
  "city": "Mumbai",
  "rain": 1,
  "threshold": 5,
  "decision": "NOT_ELIGIBLE",
  "status": "not_eligible"
}
---
[2026-04-03T10:26:29.102Z] [INFO] Claim automation completed successfully
{
  "userId": "69cf95d433bb1a33853719d6",
  "city": "Mumbai",
  "rainMm": 1,
  "claimCreated": true,
  "claimDecision": "not_eligible"
}
---
[2026-04-03T10:26:52.918Z] [INFO] Claim auto request received
{
  "userId": "69cf95ec679cec3c8a639512",
  "ip": "::ffff:127.0.0.1",
  "timestamp": "2026-04-03T10:26:52.918Z"
}
---
[2026-04-03T10:26:52.952Z] [ERROR] Claim automation failed
{
  "userId": "69cf95ec679cec3c8a639512",
  "error": "Partner profile incomplete",
  "errorCode": "PARTNER_PROFILE_INCOMPLETE",
  "statusCode": 400
}
---
[2026-04-03T10:26:52.954Z] [ERROR] Partner profile incomplete
{
  "statusCode": 400,
  "errorCode": "PARTNER_PROFILE_INCOMPLETE",
  "userId": "69cf95ec679cec3c8a639512",
  "path": "/api/claim/auto",
  "method": "POST",
  "ip": "::ffff:127.0.0.1",
  "stack": "Error: Partner profile incomplete\n    at validateUserProfile (D:\\ctkmani\\ctkmani\\server\\utils\\claimValidator.js:25:17)\n    at evaluateClaimEligibility (D:\\ctkmani\\ctkmani\\server\\services\\claimService.js:165:16)\n    at process.processTicksAndRejections (node:internal/process/task_queues:105:5)\n    at async autoClaim (D:\\ctkmani\\ctkmani\\server\\controllers\\claimController.js:28:20)"
}
---
[2026-04-03T10:26:53.222Z] [INFO] Claim auto request received
{
  "userId": "69cf95ec679cec3c8a639519",
  "ip": "::ffff:127.0.0.1",
  "timestamp": "2026-04-03T10:26:53.222Z"
}
---
[2026-04-03T10:26:53.439Z] [INFO] Claim eligibility evaluated
{
  "userId": "69cf95ec679cec3c8a639519",
  "city": "Pune",
  "rain": 2,
  "threshold": 10,
  "decision": "NOT_ELIGIBLE",
  "status": "not_eligible"
}
---
[2026-04-03T10:26:53.440Z] [INFO] Claim automation completed successfully
{
  "userId": "69cf95ec679cec3c8a639519",
  "city": "Pune",
  "rainMm": 2,
  "claimCreated": true,
  "claimDecision": "not_eligible"
}
---
[2026-04-03T10:26:53.483Z] [INFO] Claim auto request received
{
  "userId": "69cf95ec679cec3c8a639519",
  "ip": "::ffff:127.0.0.1",
  "timestamp": "2026-04-03T10:26:53.482Z"
}
---
[2026-04-03T10:26:53.623Z] [INFO] Claim eligibility evaluated
{
  "userId": "69cf95ec679cec3c8a639519",
  "city": "Pune",
  "rain": 20,
  "threshold": 10,
  "decision": "ELIGIBLE",
  "status": "eligible"
}
---
[2026-04-03T10:26:53.624Z] [INFO] Claim automation completed successfully
{
  "userId": "69cf95ec679cec3c8a639519",
  "city": "Pune",
  "rainMm": 20,
  "claimCreated": true,
  "claimDecision": "eligible"
}
---
[2026-04-03T10:26:53.930Z] [INFO] Claim auto request received
{
  "userId": "69cf95ed679cec3c8a639530",
  "ip": "::ffff:127.0.0.1",
  "timestamp": "2026-04-03T10:26:53.930Z"
}
---
[2026-04-03T10:26:53.934Z] [INFO] Claim auto request received
{
  "userId": "69cf95ed679cec3c8a639530",
  "ip": "::ffff:127.0.0.1",
  "timestamp": "2026-04-03T10:26:53.933Z"
}
---
[2026-04-03T10:26:53.939Z] [INFO] Claim auto request received
{
  "userId": "69cf95ed679cec3c8a639530",
  "ip": "::ffff:127.0.0.1",
  "timestamp": "2026-04-03T10:26:53.939Z"
}
---
[2026-04-03T10:26:54.138Z] [INFO] Claim eligibility evaluated
{
  "userId": "69cf95ed679cec3c8a639530",
  "city": "Mumbai",
  "rain": 1,
  "threshold": 5,
  "decision": "NOT_ELIGIBLE",
  "status": "not_eligible"
}
---
[2026-04-03T10:26:54.139Z] [INFO] Claim automation completed successfully
{
  "userId": "69cf95ed679cec3c8a639530",
  "city": "Mumbai",
  "rainMm": 1,
  "claimCreated": true,
  "claimDecision": "not_eligible"
}
---
[2026-04-03T10:26:54.142Z] [INFO] Claim eligibility evaluated
{
  "userId": "69cf95ed679cec3c8a639530",
  "city": "Mumbai",
  "rain": 8,
  "threshold": 5,
  "decision": "ELIGIBLE",
  "status": "eligible"
}
---
[2026-04-03T10:26:54.142Z] [INFO] Claim automation completed successfully
{
  "userId": "69cf95ed679cec3c8a639530",
  "city": "Mumbai",
  "rainMm": 8,
  "claimCreated": true,
  "claimDecision": "eligible"
}
---
[2026-04-03T10:26:54.155Z] [INFO] Claim eligibility evaluated
{
  "userId": "69cf95ed679cec3c8a639530",
  "city": "Mumbai",
  "rain": 0,
  "threshold": 5,
  "decision": "NOT_ELIGIBLE",
  "status": "not_eligible"
}
---
[2026-04-03T10:26:54.156Z] [INFO] Claim automation completed successfully
{
  "userId": "69cf95ed679cec3c8a639530",
  "city": "Mumbai",
  "rainMm": 0,
  "claimCreated": true,
  "claimDecision": "not_eligible"
}
---
[2026-04-03T10:26:58.048Z] [INFO] Claim auto request received
{
  "userId": "69cf95f166682756527ce7c6",
  "ip": "::ffff:127.0.0.1",
  "timestamp": "2026-04-03T10:26:58.047Z"
}
---
[2026-04-03T10:26:58.223Z] [INFO] Claim eligibility evaluated
{
  "userId": "69cf95f166682756527ce7c6",
  "city": "Bangalore",
  "rain": 0,
  "threshold": 1,
  "decision": "NOT_ELIGIBLE",
  "status": "not_eligible"
}
---
[2026-04-03T10:26:58.224Z] [INFO] Claim automation completed successfully
{
  "userId": "69cf95f166682756527ce7c6",
  "city": "Bangalore",
  "rainMm": 0,
  "claimCreated": true,
  "claimDecision": "not_eligible"
}
---
[2026-04-03T10:26:58.310Z] [DEBUG] Claims retrieved
{
  "userId": "69cf95f166682756527ce7c6",
  "count": 1
}
---
[2026-04-03T10:26:58.360Z] [INFO] Claim auto request received
{
  "userId": "69cf95f166682756527ce7c6",
  "ip": "::ffff:127.0.0.1",
  "timestamp": "2026-04-03T10:26:58.360Z"
}
---
[2026-04-03T10:26:58.526Z] [INFO] Claim eligibility evaluated
{
  "userId": "69cf95f166682756527ce7c6",
  "city": "Bangalore",
  "rain": 10,
  "threshold": 1,
  "decision": "ELIGIBLE",
  "status": "eligible"
}
---
[2026-04-03T10:26:58.527Z] [INFO] Claim automation completed successfully
{
  "userId": "69cf95f166682756527ce7c6",
  "city": "Bangalore",
  "rainMm": 10,
  "claimCreated": true,
  "claimDecision": "eligible"
}
---
[2026-04-03T10:26:58.613Z] [DEBUG] Claims retrieved
{
  "userId": "69cf95f166682756527ce7c6",
  "count": 1
}
---
[2026-04-03T10:26:58.857Z] [INFO] Claim redeemed and approved
{
  "userId": "69cf95f166682756527ce7c6",
  "rain": 10,
  "threshold": 1,
  "decision": "REDEEMED",
  "status": "approved"
}
---
[2026-04-03T10:26:58.944Z] [DEBUG] Claims retrieved
{
  "userId": "69cf95f166682756527ce7c6",
  "count": 1
}
---
[2026-04-03T10:29:43.317Z] [INFO] Claim auto request received
{
  "userId": "69cf9697948b13d03fbc592d",
  "ip": "::ffff:127.0.0.1",
  "timestamp": "2026-04-03T10:29:43.316Z"
}
---
[2026-04-03T10:29:43.356Z] [ERROR] Claim automation failed
{
  "userId": "69cf9697948b13d03fbc592d",
  "error": "Partner profile incomplete",
  "errorCode": "PARTNER_PROFILE_INCOMPLETE",
  "statusCode": 400
}
---
[2026-04-03T10:29:43.359Z] [ERROR] Partner profile incomplete
{
  "statusCode": 400,
  "errorCode": "PARTNER_PROFILE_INCOMPLETE",
  "userId": "69cf9697948b13d03fbc592d",
  "path": "/api/claim/auto",
  "method": "POST",
  "ip": "::ffff:127.0.0.1",
  "stack": "Error: Partner profile incomplete\n    at validateUserProfile (D:\\ctkmani\\ctkmani\\server\\utils\\claimValidator.js:25:17)\n    at evaluateClaimEligibility (D:\\ctkmani\\ctkmani\\server\\services\\claimService.js:205:16)\n    at process.processTicksAndRejections (node:internal/process/task_queues:105:5)\n    at async autoClaim (D:\\ctkmani\\ctkmani\\server\\controllers\\claimController.js:28:20)"
}
---
[2026-04-03T10:29:43.650Z] [INFO] Claim auto request received
{
  "userId": "69cf9697948b13d03fbc5935",
  "ip": "::ffff:127.0.0.1",
  "timestamp": "2026-04-03T10:29:43.650Z"
}
---
[2026-04-03T10:29:43.944Z] [INFO] Claim eligibility evaluated
{
  "userId": "69cf9697948b13d03fbc5935",
  "city": "Pune",
  "rain": 2,
  "threshold": 10,
  "decision": "NOT_ELIGIBLE",
  "status": "not_eligible"
}
---
[2026-04-03T10:29:43.946Z] [INFO] Claim automation completed successfully
{
  "userId": "69cf9697948b13d03fbc5935",
  "city": "Pune",
  "rainMm": 2,
  "claimCreated": true,
  "claimDecision": "not_eligible"
}
---
[2026-04-03T10:29:43.999Z] [INFO] Claim auto request received
{
  "userId": "69cf9697948b13d03fbc5935",
  "ip": "::ffff:127.0.0.1",
  "timestamp": "2026-04-03T10:29:43.998Z"
}
---
[2026-04-03T10:29:44.251Z] [INFO] Claim eligibility evaluated
{
  "userId": "69cf9697948b13d03fbc5935",
  "city": "Pune",
  "rain": 20,
  "threshold": 10,
  "decision": "ELIGIBLE",
  "status": "eligible"
}
---
[2026-04-03T10:29:44.252Z] [INFO] Claim automation completed successfully
{
  "userId": "69cf9697948b13d03fbc5935",
  "city": "Pune",
  "rainMm": 20,
  "claimCreated": true,
  "claimDecision": "eligible"
}
---
[2026-04-03T10:29:44.588Z] [INFO] Claim auto request received
{
  "userId": "69cf9698948b13d03fbc5951",
  "ip": "::ffff:127.0.0.1",
  "timestamp": "2026-04-03T10:29:44.587Z"
}
---
[2026-04-03T10:29:44.591Z] [INFO] Claim auto request received
{
  "userId": "69cf9698948b13d03fbc5951",
  "ip": "::ffff:127.0.0.1",
  "timestamp": "2026-04-03T10:29:44.590Z"
}
---
[2026-04-03T10:29:44.593Z] [INFO] Claim auto request received
{
  "userId": "69cf9698948b13d03fbc5951",
  "ip": "::ffff:127.0.0.1",
  "timestamp": "2026-04-03T10:29:44.593Z"
}
---
[2026-04-03T10:29:44.877Z] [INFO] Claim eligibility evaluated
{
  "userId": "69cf9698948b13d03fbc5951",
  "city": "Mumbai",
  "rain": 1,
  "threshold": 5,
  "decision": "NOT_ELIGIBLE",
  "status": "eligible"
}
---
[2026-04-03T10:29:44.877Z] [INFO] Claim automation completed successfully
{
  "userId": "69cf9698948b13d03fbc5951",
  "city": "Mumbai",
  "rainMm": 1,
  "claimCreated": true,
  "claimDecision": "eligible"
}
---
[2026-04-03T10:29:44.881Z] [INFO] Claim eligibility evaluated
{
  "userId": "69cf9698948b13d03fbc5951",
  "city": "Mumbai",
  "rain": 8,
  "threshold": 5,
  "decision": "ELIGIBLE",
  "status": "eligible"
}
---
[2026-04-03T10:29:44.881Z] [INFO] Claim automation completed successfully
{
  "userId": "69cf9698948b13d03fbc5951",
  "city": "Mumbai",
  "rainMm": 8,
  "claimCreated": true,
  "claimDecision": "eligible"
}
---
[2026-04-03T10:29:44.886Z] [INFO] Claim eligibility evaluated
{
  "userId": "69cf9698948b13d03fbc5951",
  "city": "Mumbai",
  "rain": 0,
  "threshold": 5,
  "decision": "NOT_ELIGIBLE",
  "status": "eligible"
}
---
[2026-04-03T10:29:44.887Z] [INFO] Claim automation completed successfully
{
  "userId": "69cf9698948b13d03fbc5951",
  "city": "Mumbai",
  "rainMm": 0,
  "claimCreated": true,
  "claimDecision": "eligible"
}
---
[2026-04-03T10:29:45.281Z] [ERROR] Insurer access required
{
  "statusCode": 403,
  "errorCode": "INSURER_ACCESS_REQUIRED",
  "userId": "69cf9698948b13d03fbc5951",
  "path": "/api/claim/all",
  "method": "GET",
  "ip": "::ffff:127.0.0.1",
  "stack": "Error: Insurer access required\n    at insurer (D:\\ctkmani\\ctkmani\\server\\middleware\\authMiddleware.js:56:17)\n    at Layer.handle [as handle_request] (D:\\ctkmani\\ctkmani\\server\\node_modules\\express\\lib\\router\\layer.js:95:5)\n    at next (D:\\ctkmani\\ctkmani\\server\\node_modules\\express\\lib\\router\\route.js:149:13)\n    at required (D:\\ctkmani\\ctkmani\\server\\middleware\\authMiddleware.js:32:7)\n    at process.processTicksAndRejections (node:internal/process/task_queues:105:5)"
}
---
[2026-04-03T10:34:08.018Z] [DEBUG] Fetching 5-day forecast from API
{
  "city": "srinagar"
}
---
[2026-04-03T10:34:08.199Z] [INFO] 5-day forecast fetched successfully
{
  "city": "srinagar",
  "forecastItems": 40
}
---
[2026-04-03T10:34:08.718Z] [DEBUG] Forecast cache hit
{
  "city": "srinagar",
  "cached": true
}
---
[2026-04-03T10:34:08.883Z] [DEBUG] Claims retrieved
{
  "userId": "69ba2ebd4834ce594366687b",
  "count": 11
}
---
[2026-04-03T10:34:08.903Z] [DEBUG] Fetching current weather from API
{
  "city": "srinagar"
}
---
[2026-04-03T10:34:08.943Z] [INFO] Current weather fetched successfully
{
  "city": "srinagar",
  "temp": 16.24,
  "condition": "Rain"
}
---
[2026-04-03T10:34:08.965Z] [DEBUG] Claims retrieved
{
  "userId": "69ba2ebd4834ce594366687b",
  "count": 11
}
---
[2026-04-03T10:34:08.985Z] [DEBUG] Weather cache hit
{
  "city": "srinagar",
  "cached": true
}
---
[2026-04-03T10:34:09.086Z] [DEBUG] Weather cache hit
{
  "city": "srinagar",
  "cached": true
}
---
[2026-04-03T10:34:09.151Z] [DEBUG] Weather cache hit
{
  "city": "srinagar",
  "cached": true
}
---
[2026-04-03T10:34:09.153Z] [DEBUG] Forecast cache hit
{
  "city": "srinagar",
  "cached": true
}
---
[2026-04-03T10:34:09.264Z] [DEBUG] Weather cache hit
{
  "city": "srinagar",
  "cached": true
}
---
[2026-04-03T10:34:09.375Z] [DEBUG] Weather cache hit
{
  "city": "srinagar",
  "cached": true
}
---
[2026-04-03T10:34:09.377Z] [DEBUG] Forecast cache hit
{
  "city": "srinagar",
  "cached": true
}
---
[2026-04-03T10:34:16.192Z] [DEBUG] Claims retrieved
{
  "userId": "69ba2ebd4834ce594366687b",
  "count": 11
}
---
[2026-04-03T10:34:16.279Z] [DEBUG] Claims retrieved
{
  "userId": "69ba2ebd4834ce594366687b",
  "count": 11
}
---
[2026-04-03T10:34:20.055Z] [INFO] Claim auto request received
{
  "userId": "69ba2ebd4834ce594366687b",
  "ip": "::1",
  "timestamp": "2026-04-03T10:34:20.055Z"
}
---
[2026-04-03T10:34:20.092Z] [DEBUG] Weather cache hit
{
  "city": "srinagar",
  "cached": true
}
---
[2026-04-03T10:34:20.264Z] [INFO] Claim eligibility evaluated
{
  "userId": "69ba2ebd4834ce594366687b",
  "city": "srinagar",
  "rain": 0.69,
  "threshold": 0.3,
  "decision": "ELIGIBLE",
  "status": "eligible"
}
---
[2026-04-03T10:34:20.265Z] [INFO] Claim automation completed successfully
{
  "userId": "69ba2ebd4834ce594366687b",
  "city": "srinagar",
  "rainMm": 0.69,
  "claimCreated": true,
  "claimDecision": "eligible"
}
---
[2026-04-03T10:34:20.350Z] [DEBUG] Claims retrieved
{
  "userId": "69ba2ebd4834ce594366687b",
  "count": 12
}
---
[2026-04-03T10:34:27.612Z] [INFO] Claim redeemed and approved
{
  "userId": "69ba2ebd4834ce594366687b",
  "rain": 0.69,
  "threshold": 0.3,
  "decision": "REDEEMED",
  "status": "approved"
}
---
[2026-04-03T10:34:27.713Z] [DEBUG] Claims retrieved
{
  "userId": "69ba2ebd4834ce594366687b",
  "count": 12
}
---
[2026-04-03T10:34:33.714Z] [DEBUG] Weather cache hit
{
  "city": "srinagar",
  "cached": true
}
---
[2026-04-03T10:34:33.792Z] [DEBUG] Weather cache hit
{
  "city": "srinagar",
  "cached": true
}
---
[2026-04-03T10:34:36.743Z] [DEBUG] Claims retrieved
{
  "userId": "69ba2ebd4834ce594366687b",
  "count": 12
}
---
[2026-04-03T10:34:36.833Z] [DEBUG] Claims retrieved
{
  "userId": "69ba2ebd4834ce594366687b",
  "count": 12
}
---
[2026-04-03T10:34:41.506Z] [DEBUG] Forecast cache hit
{
  "city": "srinagar",
  "cached": true
}
---
[2026-04-03T10:34:41.624Z] [DEBUG] Forecast cache hit
{
  "city": "srinagar",
  "cached": true
}
---
[2026-04-03T10:34:41.728Z] [DEBUG] Claims retrieved
{
  "userId": "69ba2ebd4834ce594366687b",
  "count": 12
}
---
[2026-04-03T10:34:41.771Z] [DEBUG] Weather cache hit
{
  "city": "srinagar",
  "cached": true
}
---
[2026-04-03T10:34:41.879Z] [DEBUG] Claims retrieved
{
  "userId": "69ba2ebd4834ce594366687b",
  "count": 12
}
---
[2026-04-03T10:34:41.896Z] [DEBUG] Weather cache hit
{
  "city": "srinagar",
  "cached": true
}
---
[2026-04-03T10:34:41.923Z] [DEBUG] Weather cache hit
{
  "city": "srinagar",
  "cached": true
}
---
[2026-04-03T10:34:42.008Z] [DEBUG] Weather cache hit
{
  "city": "srinagar",
  "cached": true
}
---
[2026-04-03T10:34:42.010Z] [DEBUG] Forecast cache hit
{
  "city": "srinagar",
  "cached": true
}
---
[2026-04-03T10:34:42.055Z] [DEBUG] Weather cache hit
{
  "city": "srinagar",
  "cached": true
}
---
[2026-04-03T10:34:42.164Z] [DEBUG] Weather cache hit
{
  "city": "srinagar",
  "cached": true
}
---
[2026-04-03T10:34:42.165Z] [DEBUG] Forecast cache hit
{
  "city": "srinagar",
  "cached": true
}
---
[2026-04-03T10:34:47.319Z] [DEBUG] Claims retrieved
{
  "userId": "69ba2ebd4834ce594366687b",
  "count": 12
}
---
[2026-04-03T10:34:47.431Z] [DEBUG] Claims retrieved
{
  "userId": "69ba2ebd4834ce594366687b",
  "count": 12
}
---
[2026-04-03T14:19:57.593Z] [ERROR] Invalid credentials
{
  "statusCode": 401,
  "errorCode": "INTERNAL_SERVER_ERROR",
  "path": "/api/auth/login",
  "method": "POST",
  "ip": "::1",
  "stack": "Error: Invalid credentials\n    at loginUser (D:\\ctkmani\\ctkmani\\server\\services\\authService.js:76:19)\n    at process.processTicksAndRejections (node:internal/process/task_queues:105:5)\n    at async D:\\ctkmani\\ctkmani\\server\\controllers\\authController.js:13:18"
}
---
[2026-04-03T14:20:04.439Z] [ERROR] Invalid credentials
{
  "statusCode": 401,
  "errorCode": "INTERNAL_SERVER_ERROR",
  "path": "/api/auth/login",
  "method": "POST",
  "ip": "::1",
  "stack": "Error: Invalid credentials\n    at loginUser (D:\\ctkmani\\ctkmani\\server\\services\\authService.js:76:19)\n    at process.processTicksAndRejections (node:internal/process/task_queues:105:5)\n    at async D:\\ctkmani\\ctkmani\\server\\controllers\\authController.js:13:18"
}
---
[2026-04-03T14:20:05.609Z] [ERROR] Invalid credentials
{
  "statusCode": 401,
  "errorCode": "INTERNAL_SERVER_ERROR",
  "path": "/api/auth/login",
  "method": "POST",
  "ip": "::1",
  "stack": "Error: Invalid credentials\n    at loginUser (D:\\ctkmani\\ctkmani\\server\\services\\authService.js:76:19)\n    at process.processTicksAndRejections (node:internal/process/task_queues:105:5)\n    at async D:\\ctkmani\\ctkmani\\server\\controllers\\authController.js:13:18"
}
---
[2026-04-03T14:20:24.912Z] [DEBUG] Claims retrieved
{
  "userId": "69ba2ebd4834ce594366687b",
  "count": 12
}
---
[2026-04-03T14:20:25.084Z] [DEBUG] Claims retrieved
{
  "userId": "69ba2ebd4834ce594366687b",
  "count": 12
}
---
[2026-04-03T14:20:30.069Z] [INFO] Claim auto request received
{
  "userId": "69ba2ebd4834ce594366687b",
  "ip": "::1",
  "timestamp": "2026-04-03T14:20:30.068Z"
}
---
[2026-04-03T14:20:30.125Z] [DEBUG] Fetching current weather from API
{
  "city": "srinagar"
}
---
[2026-04-03T14:20:30.290Z] [INFO] Current weather fetched successfully
{
  "city": "srinagar",
  "temp": 10.76,
  "condition": "Clouds"
}
---
[2026-04-03T14:20:30.407Z] [INFO] Claim eligibility evaluated
{
  "userId": "69ba2ebd4834ce594366687b",
  "city": "srinagar",
  "rain": 0,
  "threshold": 0.3,
  "decision": "NOT_ELIGIBLE",
  "status": "approved"
}
---
[2026-04-03T14:20:30.408Z] [INFO] Claim automation completed successfully
{
  "userId": "69ba2ebd4834ce594366687b",
  "city": "srinagar",
  "rainMm": 0,
  "claimCreated": true,
  "claimDecision": "approved"
}
---
[2026-04-03T14:20:30.542Z] [DEBUG] Claims retrieved
{
  "userId": "69ba2ebd4834ce594366687b",
  "count": 12
}
---
[2026-04-03T14:20:35.796Z] [DEBUG] Claims retrieved
{
  "userId": "69ba2ebd4834ce594366687b",
  "count": 12
}
---
[2026-04-03T14:20:35.947Z] [DEBUG] Claims retrieved
{
  "userId": "69ba2ebd4834ce594366687b",
  "count": 12
}
---
[2026-04-03T14:21:56.494Z] [DEBUG] Claims retrieved
{
  "userId": "69ba2ebd4834ce594366687b",
  "count": 12
}
---
[2026-04-03T14:21:56.661Z] [DEBUG] Claims retrieved
{
  "userId": "69ba2ebd4834ce594366687b",
  "count": 12
}
---
[2026-04-03T14:21:57.732Z] [DEBUG] Weather cache hit
{
  "city": "srinagar",
  "cached": true
}
---
[2026-04-03T14:21:57.863Z] [DEBUG] Weather cache hit
{
  "city": "srinagar",
  "cached": true
}
---
[2026-04-03T14:22:15.846Z] [DEBUG] Fetching 5-day forecast from API
{
  "city": "srinagar"
}
---
[2026-04-03T14:22:16.001Z] [INFO] 5-day forecast fetched successfully
{
  "city": "srinagar",
  "forecastItems": 40
}
---
[2026-04-03T14:22:16.201Z] [DEBUG] Forecast cache hit
{
  "city": "srinagar",
  "cached": true
}
---
[2026-04-03T14:22:16.382Z] [DEBUG] Claims retrieved
{
  "userId": "69ba2ebd4834ce594366687b",
  "count": 12
}
---
[2026-04-03T14:22:16.436Z] [DEBUG] Weather cache hit
{
  "city": "srinagar",
  "cached": true
}
---
[2026-04-03T14:22:16.498Z] [DEBUG] Claims retrieved
{
  "userId": "69ba2ebd4834ce594366687b",
  "count": 12
}
---
[2026-04-03T14:22:16.565Z] [DEBUG] Weather cache hit
{
  "city": "srinagar",
  "cached": true
}
---
[2026-04-03T14:22:16.619Z] [DEBUG] Weather cache hit
{
  "city": "srinagar",
  "cached": true
}
---
[2026-04-03T14:22:16.699Z] [DEBUG] Weather cache hit
{
  "city": "srinagar",
  "cached": true
}
---
[2026-04-03T14:22:16.700Z] [DEBUG] Forecast cache hit
{
  "city": "srinagar",
  "cached": true
}
---
[2026-04-03T14:22:16.789Z] [DEBUG] Weather cache hit
{
  "city": "srinagar",
  "cached": true
}
---
[2026-04-03T14:22:16.933Z] [DEBUG] Weather cache hit
{
  "city": "srinagar",
  "cached": true
}
---
[2026-04-03T14:22:16.934Z] [DEBUG] Forecast cache hit
{
  "city": "srinagar",
  "cached": true
}
---
[2026-04-03T14:24:48.786Z] [DEBUG] Weather cache hit
{
  "city": "srinagar",
  "cached": true
}
---
[2026-04-03T14:24:48.903Z] [DEBUG] Weather cache hit
{
  "city": "srinagar",
  "cached": true
}
---
[2026-04-03T14:24:50.593Z] [DEBUG] Claims retrieved
{
  "userId": "69ba2ebd4834ce594366687b",
  "count": 12
}
---
[2026-04-03T14:24:50.698Z] [DEBUG] Claims retrieved
{
  "userId": "69ba2ebd4834ce594366687b",
  "count": 12
}
---
[2026-04-03T14:25:07.477Z] [DEBUG] Fetching 5-day forecast from API
{
  "city": "Guwahati"
}
---
[2026-04-03T14:25:07.629Z] [INFO] 5-day forecast fetched successfully
{
  "city": "Guwahati",
  "forecastItems": 40
}
---
[2026-04-03T14:25:07.816Z] [DEBUG] Forecast cache hit
{
  "city": "Guwahati",
  "cached": true
}
---
[2026-04-03T14:25:08.118Z] [DEBUG] Claims retrieved
{
  "userId": "69bb993fb4ee466916f2b02d",
  "count": 0
}
---
[2026-04-03T14:25:08.145Z] [DEBUG] Fetching current weather from API
{
  "city": "Guwahati"
}
---
[2026-04-03T14:25:08.197Z] [INFO] Current weather fetched successfully
{
  "city": "Guwahati",
  "temp": 25.95,
  "condition": "Mist"
}
---
[2026-04-03T14:25:08.268Z] [DEBUG] Claims retrieved
{
  "userId": "69bb993fb4ee466916f2b02d",
  "count": 0
}
---
[2026-04-03T14:25:08.344Z] [DEBUG] Weather cache hit
{
  "city": "Guwahati",
  "cached": true
}
---
[2026-04-03T14:25:08.417Z] [DEBUG] Weather cache hit
{
  "city": "Guwahati",
  "cached": true
}
---
[2026-04-03T14:25:08.496Z] [DEBUG] Weather cache hit
{
  "city": "Guwahati",
  "cached": true
}
---
[2026-04-03T14:25:08.497Z] [DEBUG] Forecast cache hit
{
  "city": "Guwahati",
  "cached": true
}
---
[2026-04-03T14:25:08.576Z] [DEBUG] Weather cache hit
{
  "city": "Guwahati",
  "cached": true
}
---
[2026-04-03T14:25:08.693Z] [DEBUG] Weather cache hit
{
  "city": "Guwahati",
  "cached": true
}
---
[2026-04-03T14:25:08.694Z] [DEBUG] Forecast cache hit
{
  "city": "Guwahati",
  "cached": true
}
---
[2026-04-03T14:25:54.216Z] [DEBUG] Claims retrieved
{
  "userId": "69bb993fb4ee466916f2b02d",
  "count": 0
}
---
[2026-04-03T14:25:54.355Z] [DEBUG] Claims retrieved
{
  "userId": "69bb993fb4ee466916f2b02d",
  "count": 0
}
---
[2026-04-03T14:25:58.983Z] [INFO] Claim auto request received
{
  "userId": "69bb993fb4ee466916f2b02d",
  "ip": "::1",
  "timestamp": "2026-04-03T14:25:58.982Z"
}
---
[2026-04-03T14:25:59.085Z] [DEBUG] Weather cache hit
{
  "city": "Guwahati",
  "cached": true
}
---
[2026-04-03T14:25:59.323Z] [INFO] Claim eligibility evaluated
{
  "userId": "69bb993fb4ee466916f2b02d",
  "city": "Guwahati",
  "rain": 0,
  "threshold": 5.1,
  "decision": "NOT_ELIGIBLE",
  "status": "not_eligible"
}
---
[2026-04-03T14:25:59.325Z] [INFO] Claim automation completed successfully
{
  "userId": "69bb993fb4ee466916f2b02d",
  "city": "Guwahati",
  "rainMm": 0,
  "claimCreated": true,
  "claimDecision": "not_eligible"
}
---
[2026-04-03T14:25:59.454Z] [DEBUG] Claims retrieved
{
  "userId": "69bb993fb4ee466916f2b02d",
  "count": 1
}
---
[2026-04-03T14:26:05.180Z] [DEBUG] Forecast cache hit
{
  "city": "Guwahati",
  "cached": true
}
---
[2026-04-03T14:26:05.360Z] [DEBUG] Forecast cache hit
{
  "city": "Guwahati",
  "cached": true
}
---
[2026-04-03T14:26:05.562Z] [DEBUG] Claims retrieved
{
  "userId": "69bb993fb4ee466916f2b02d",
  "count": 1
}
---
[2026-04-03T14:26:05.585Z] [DEBUG] Weather cache hit
{
  "city": "Guwahati",
  "cached": true
}
---
[2026-04-03T14:26:05.694Z] [DEBUG] Claims retrieved
{
  "userId": "69bb993fb4ee466916f2b02d",
  "count": 1
}
---
[2026-04-03T14:26:05.712Z] [DEBUG] Weather cache hit
{
  "city": "Guwahati",
  "cached": true
}
---
[2026-04-03T14:26:05.763Z] [DEBUG] Weather cache hit
{
  "city": "Guwahati",
  "cached": true
}
---
[2026-04-03T14:26:05.817Z] [DEBUG] Weather cache hit
{
  "city": "Guwahati",
  "cached": true
}
---
[2026-04-03T14:26:05.819Z] [DEBUG] Forecast cache hit
{
  "city": "Guwahati",
  "cached": true
}
---
[2026-04-03T14:26:05.900Z] [DEBUG] Weather cache hit
{
  "city": "Guwahati",
  "cached": true
}
---
[2026-04-03T14:26:05.974Z] [DEBUG] Weather cache hit
{
  "city": "Guwahati",
  "cached": true
}
---
[2026-04-03T14:26:05.976Z] [DEBUG] Forecast cache hit
{
  "city": "Guwahati",
  "cached": true
}
---
[2026-04-03T14:27:05.463Z] [DEBUG] Claims retrieved
{
  "userId": "69bb993fb4ee466916f2b02d",
  "count": 1
}
---
[2026-04-03T14:27:05.501Z] [DEBUG] Weather cache hit
{
  "city": "Guwahati",
  "cached": true
}
---
[2026-04-03T14:27:05.649Z] [DEBUG] Weather cache hit
{
  "city": "Guwahati",
  "cached": true
}
---
[2026-04-03T14:28:05.451Z] [DEBUG] Claims retrieved
{
  "userId": "69bb993fb4ee466916f2b02d",
  "count": 1
}
---
[2026-04-03T14:28:05.502Z] [DEBUG] Weather cache hit
{
  "city": "Guwahati",
  "cached": true
}
---
[2026-04-03T14:28:05.659Z] [DEBUG] Weather cache hit
{
  "city": "Guwahati",
  "cached": true
}
---
[2026-04-03T14:29:05.445Z] [DEBUG] Claims retrieved
{
  "userId": "69bb993fb4ee466916f2b02d",
  "count": 1
}
---
[2026-04-03T14:29:05.497Z] [DEBUG] Weather cache hit
{
  "city": "Guwahati",
  "cached": true
}
---
[2026-04-03T14:29:05.662Z] [DEBUG] Weather cache hit
{
  "city": "Guwahati",
  "cached": true
}
---
[2026-04-03T14:30:05.442Z] [DEBUG] Claims retrieved
{
  "userId": "69bb993fb4ee466916f2b02d",
  "count": 1
}
---
[2026-04-03T14:30:05.491Z] [DEBUG] Weather cache hit
{
  "city": "Guwahati",
  "cached": true
}
---
[2026-04-03T14:30:05.639Z] [DEBUG] Weather cache hit
{
  "city": "Guwahati",
  "cached": true
}
---
[2026-04-03T14:31:05.434Z] [DEBUG] Claims retrieved
{
  "userId": "69bb993fb4ee466916f2b02d",
  "count": 1
}
---
[2026-04-03T14:31:05.493Z] [DEBUG] Weather cache hit
{
  "city": "Guwahati",
  "cached": true
}
---
[2026-04-03T14:31:05.641Z] [DEBUG] Weather cache hit
{
  "city": "Guwahati",
  "cached": true
}
---
[2026-04-03T14:32:05.434Z] [DEBUG] Claims retrieved
{
  "userId": "69bb993fb4ee466916f2b02d",
  "count": 1
}
---
[2026-04-03T14:32:05.488Z] [DEBUG] Weather cache hit
{
  "city": "Guwahati",
  "cached": true
}
---
[2026-04-03T14:32:05.634Z] [DEBUG] Weather cache hit
{
  "city": "Guwahati",
  "cached": true
}
---
[2026-04-03T14:33:32.456Z] [DEBUG] Claims retrieved
{
  "userId": "69bb993fb4ee466916f2b02d",
  "count": 1
}
---
[2026-04-03T14:33:32.524Z] [DEBUG] Weather cache hit
{
  "city": "Guwahati",
  "cached": true
}
---
[2026-04-03T14:33:32.709Z] [DEBUG] Weather cache hit
{
  "city": "Guwahati",
  "cached": true
}
---
[2026-04-03T14:34:17.792Z] [DEBUG] Forecast cache hit
{
  "city": "Guwahati",
  "cached": true
}
---
[2026-04-03T14:34:18.074Z] [DEBUG] Claims retrieved
{
  "userId": "69bb993fb4ee466916f2b02d",
  "count": 1
}
---
[2026-04-03T14:34:18.138Z] [DEBUG] Weather cache hit
{
  "city": "Guwahati",
  "cached": true
}
---
[2026-04-03T14:34:18.298Z] [DEBUG] Weather cache hit
{
  "city": "Guwahati",
  "cached": true
}
---
[2026-04-03T14:34:18.369Z] [DEBUG] Weather cache hit
{
  "city": "Guwahati",
  "cached": true
}
---
[2026-04-03T14:34:18.371Z] [DEBUG] Forecast cache hit
{
  "city": "Guwahati",
  "cached": true
}
---
[2026-04-03T14:34:39.720Z] [DEBUG] Forecast cache hit
{
  "city": "Guwahati",
  "cached": true
}
---
[2026-04-03T14:34:39.839Z] [DEBUG] Forecast cache hit
{
  "city": "Guwahati",
  "cached": true
}
---
[2026-04-03T14:34:39.932Z] [INFO] Claim auto request received
{
  "userId": "69bb993fb4ee466916f2b02d",
  "ip": "::1",
  "timestamp": "2026-04-03T14:34:39.931Z"
}
---
[2026-04-03T14:34:39.970Z] [DEBUG] Weather cache hit
{
  "city": "Guwahati",
  "cached": true
}
---
[2026-04-03T14:34:40.069Z] [INFO] Claim auto request received
{
  "userId": "69bb993fb4ee466916f2b02d",
  "ip": "::1",
  "timestamp": "2026-04-03T14:34:40.068Z"
}
---
[2026-04-03T14:34:40.117Z] [DEBUG] Weather cache hit
{
  "city": "Guwahati",
  "cached": true
}
---
[2026-04-03T14:34:40.127Z] [INFO] Claim eligibility evaluated
{
  "userId": "69bb993fb4ee466916f2b02d",
  "city": "Guwahati",
  "rain": 0,
  "threshold": 5.1,
  "decision": "NOT_ELIGIBLE",
  "status": "not_eligible"
}
---
[2026-04-03T14:34:40.128Z] [INFO] Claim automation completed successfully
{
  "userId": "69bb993fb4ee466916f2b02d",
  "city": "Guwahati",
  "rainMm": 0,
  "claimCreated": true,
  "claimDecision": "not_eligible"
}
---
[2026-04-03T14:34:40.258Z] [DEBUG] Claims retrieved
{
  "userId": "69bb993fb4ee466916f2b02d",
  "count": 1
}
---
[2026-04-03T14:34:40.317Z] [INFO] Claim eligibility evaluated
{
  "userId": "69bb993fb4ee466916f2b02d",
  "city": "Guwahati",
  "rain": 0,
  "threshold": 5.1,
  "decision": "NOT_ELIGIBLE",
  "status": "not_eligible"
}
---
[2026-04-03T14:34:40.318Z] [INFO] Claim automation completed successfully
{
  "userId": "69bb993fb4ee466916f2b02d",
  "city": "Guwahati",
  "rainMm": 0,
  "claimCreated": true,
  "claimDecision": "not_eligible"
}
---
[2026-04-03T14:34:40.427Z] [DEBUG] Claims retrieved
{
  "userId": "69bb993fb4ee466916f2b02d",
  "count": 1
}
---
[2026-04-03T14:34:40.480Z] [DEBUG] Weather cache hit
{
  "city": "Guwahati",
  "cached": true
}
---
[2026-04-03T14:34:40.523Z] [DEBUG] Weather cache hit
{
  "city": "Guwahati",
  "cached": true
}
---
[2026-04-03T14:34:40.640Z] [DEBUG] Weather cache hit
{
  "city": "Guwahati",
  "cached": true
}
---
[2026-04-03T14:34:40.695Z] [DEBUG] Weather cache hit
{
  "city": "Guwahati",
  "cached": true
}
---
[2026-04-03T14:34:40.697Z] [DEBUG] Forecast cache hit
{
  "city": "Guwahati",
  "cached": true
}
---
[2026-04-03T14:34:40.788Z] [DEBUG] Weather cache hit
{
  "city": "Guwahati",
  "cached": true
}
---
[2026-04-03T14:34:40.976Z] [DEBUG] Weather cache hit
{
  "city": "Guwahati",
  "cached": true
}
---
[2026-04-03T14:34:40.977Z] [DEBUG] Forecast cache hit
{
  "city": "Guwahati",
  "cached": true
}
---
[2026-04-03T14:35:40.408Z] [INFO] Claim auto request received
{
  "userId": "69bb993fb4ee466916f2b02d",
  "ip": "::1",
  "timestamp": "2026-04-03T14:35:40.407Z"
}
---
[2026-04-03T14:35:40.458Z] [DEBUG] Fetching current weather from API
{
  "city": "Guwahati"
}
---
[2026-04-03T14:35:40.586Z] [INFO] Current weather fetched successfully
{
  "city": "Guwahati",
  "temp": 25.95,
  "condition": "Mist"
}
---
[2026-04-03T14:35:40.796Z] [INFO] Claim eligibility evaluated
{
  "userId": "69bb993fb4ee466916f2b02d",
  "city": "Guwahati",
  "rain": 0.26,
  "threshold": 5.1,
  "decision": "NOT_ELIGIBLE",
  "status": "not_eligible"
}
---
[2026-04-03T14:35:40.798Z] [INFO] Claim automation completed successfully
{
  "userId": "69bb993fb4ee466916f2b02d",
  "city": "Guwahati",
  "rainMm": 0.26,
  "claimCreated": true,
  "claimDecision": "not_eligible"
}
---
[2026-04-03T14:35:40.968Z] [DEBUG] Claims retrieved
{
  "userId": "69bb993fb4ee466916f2b02d",
  "count": 1
}
---
[2026-04-03T14:35:40.997Z] [DEBUG] Weather cache hit
{
  "city": "Guwahati",
  "cached": true
}
---
[2026-04-03T14:35:41.178Z] [DEBUG] Weather cache hit
{
  "city": "Guwahati",
  "cached": true
}
---
[2026-04-03T14:35:42.915Z] [DEBUG] Fetching 5-day forecast from API
{
  "city": "Guwahati"
}
---
[2026-04-03T14:35:43.009Z] [INFO] 5-day forecast fetched successfully
{
  "city": "Guwahati",
  "forecastItems": 40
}
---
[2026-04-03T14:35:43.250Z] [INFO] Claim auto request received
{
  "userId": "69bb993fb4ee466916f2b02d",
  "ip": "::1",
  "timestamp": "2026-04-03T14:35:43.250Z"
}
---
[2026-04-03T14:35:43.303Z] [DEBUG] Weather cache hit
{
  "city": "Guwahati",
  "cached": true
}
---
[2026-04-03T14:35:43.519Z] [INFO] Claim eligibility evaluated
{
  "userId": "69bb993fb4ee466916f2b02d",
  "city": "Guwahati",
  "rain": 0.26,
  "threshold": 5.1,
  "decision": "NOT_ELIGIBLE",
  "status": "not_eligible"
}
---
[2026-04-03T14:35:43.520Z] [INFO] Claim automation completed successfully
{
  "userId": "69bb993fb4ee466916f2b02d",
  "city": "Guwahati",
  "rainMm": 0.26,
  "claimCreated": true,
  "claimDecision": "not_eligible"
}
---
[2026-04-03T14:35:43.614Z] [DEBUG] Claims retrieved
{
  "userId": "69bb993fb4ee466916f2b02d",
  "count": 1
}
---
[2026-04-03T14:35:43.695Z] [DEBUG] Weather cache hit
{
  "city": "Guwahati",
  "cached": true
}
---
[2026-04-03T14:35:43.868Z] [DEBUG] Weather cache hit
{
  "city": "Guwahati",
  "cached": true
}
---
[2026-04-03T14:35:43.942Z] [DEBUG] Weather cache hit
{
  "city": "Guwahati",
  "cached": true
}
---
[2026-04-03T14:35:43.943Z] [DEBUG] Forecast cache hit
{
  "city": "Guwahati",
  "cached": true
}
---
[2026-04-03T14:36:43.390Z] [INFO] Claim auto request received
{
  "userId": "69bb993fb4ee466916f2b02d",
  "ip": "::1",
  "timestamp": "2026-04-03T14:36:43.390Z"
}
---
[2026-04-03T14:36:43.445Z] [DEBUG] Weather cache hit
{
  "city": "Guwahati",
  "cached": true
}
---
[2026-04-03T14:36:43.670Z] [INFO] Claim eligibility evaluated
{
  "userId": "69bb993fb4ee466916f2b02d",
  "city": "Guwahati",
  "rain": 0.26,
  "threshold": 5.1,
  "decision": "NOT_ELIGIBLE",
  "status": "not_eligible"
}
---
[2026-04-03T14:36:43.671Z] [INFO] Claim automation completed successfully
{
  "userId": "69bb993fb4ee466916f2b02d",
  "city": "Guwahati",
  "rainMm": 0.26,
  "claimCreated": true,
  "claimDecision": "not_eligible"
}
---
[2026-04-03T14:36:43.794Z] [DEBUG] Claims retrieved
{
  "userId": "69bb993fb4ee466916f2b02d",
  "count": 1
}
---
[2026-04-03T14:36:43.875Z] [DEBUG] Weather cache hit
{
  "city": "Guwahati",
  "cached": true
}
---
[2026-04-03T14:36:44.048Z] [DEBUG] Weather cache hit
{
  "city": "Guwahati",
  "cached": true
}
---
[2026-04-03T14:36:51.670Z] [INFO] Claim auto request received
{
  "userId": "69cfd0835a818c7f06c8a1ba",
  "ip": "::ffff:127.0.0.1",
  "timestamp": "2026-04-03T14:36:51.669Z"
}
---
[2026-04-03T14:36:51.902Z] [INFO] Claim eligibility evaluated
{
  "userId": "69cfd0835a818c7f06c8a1ba",
  "city": "Bangalore",
  "rain": 0,
  "threshold": 1,
  "decision": "NOT_ELIGIBLE",
  "status": "not_eligible"
}
---
[2026-04-03T14:36:51.903Z] [INFO] Claim automation completed successfully
{
  "userId": "69cfd0835a818c7f06c8a1ba",
  "city": "Bangalore",
  "rainMm": 0,
  "claimCreated": true,
  "claimDecision": "not_eligible"
}
---
[2026-04-03T14:36:51.981Z] [DEBUG] Claims retrieved
{
  "userId": "69cfd0835a818c7f06c8a1ba",
  "count": 1
}
---
[2026-04-03T14:36:52.023Z] [INFO] Claim auto request received
{
  "userId": "69cfd0835a818c7f06c8a1ba",
  "ip": "::ffff:127.0.0.1",
  "timestamp": "2026-04-03T14:36:52.023Z"
}
---
[2026-04-03T14:36:52.236Z] [INFO] Claim eligibility evaluated
{
  "userId": "69cfd0835a818c7f06c8a1ba",
  "city": "Bangalore",
  "rain": 10,
  "threshold": 1,
  "decision": "ELIGIBLE",
  "status": "eligible"
}
---
[2026-04-03T14:36:52.237Z] [INFO] Claim automation completed successfully
{
  "userId": "69cfd0835a818c7f06c8a1ba",
  "city": "Bangalore",
  "rainMm": 10,
  "claimCreated": true,
  "claimDecision": "eligible"
}
---
[2026-04-03T14:36:52.329Z] [DEBUG] Claims retrieved
{
  "userId": "69cfd0835a818c7f06c8a1ba",
  "count": 1
}
---
[2026-04-03T14:36:52.557Z] [INFO] Claim redeemed and approved
{
  "userId": "69cfd0835a818c7f06c8a1ba",
  "rain": 10,
  "threshold": 1,
  "decision": "REDEEMED",
  "status": "approved"
}
---
[2026-04-03T14:36:52.634Z] [DEBUG] Claims retrieved
{
  "userId": "69cfd0835a818c7f06c8a1ba",
  "count": 1
}
---
[2026-04-03T14:37:43.395Z] [INFO] Claim auto request received
{
  "userId": "69bb993fb4ee466916f2b02d",
  "ip": "::1",
  "timestamp": "2026-04-03T14:37:43.395Z"
}
---
[2026-04-03T14:37:43.452Z] [DEBUG] Weather cache hit
{
  "city": "Guwahati",
  "cached": true
}
---
[2026-04-03T14:37:43.671Z] [INFO] Claim eligibility evaluated
{
  "userId": "69bb993fb4ee466916f2b02d",
  "city": "Guwahati",
  "rain": 0.26,
  "threshold": 5.1,
  "decision": "NOT_ELIGIBLE",
  "status": "not_eligible"
}
---
[2026-04-03T14:37:43.672Z] [INFO] Claim automation completed successfully
{
  "userId": "69bb993fb4ee466916f2b02d",
  "city": "Guwahati",
  "rainMm": 0.26,
  "claimCreated": true,
  "claimDecision": "not_eligible"
}
---
[2026-04-03T14:37:43.773Z] [DEBUG] Claims retrieved
{
  "userId": "69bb993fb4ee466916f2b02d",
  "count": 1
}
---
[2026-04-03T14:37:43.849Z] [DEBUG] Weather cache hit
{
  "city": "Guwahati",
  "cached": true
}
---
[2026-04-03T14:37:44.029Z] [DEBUG] Weather cache hit
{
  "city": "Guwahati",
  "cached": true
}
---
[2026-04-03T14:38:43.404Z] [INFO] Claim auto request received
{
  "userId": "69bb993fb4ee466916f2b02d",
  "ip": "::1",
  "timestamp": "2026-04-03T14:38:43.403Z"
}
---
[2026-04-03T14:38:43.457Z] [DEBUG] Weather cache hit
{
  "city": "Guwahati",
  "cached": true
}
---
[2026-04-03T14:38:43.681Z] [INFO] Claim eligibility evaluated
{
  "userId": "69bb993fb4ee466916f2b02d",
  "city": "Guwahati",
  "rain": 0.26,
  "threshold": 5.1,
  "decision": "NOT_ELIGIBLE",
  "status": "not_eligible"
}
---
[2026-04-03T14:38:43.683Z] [INFO] Claim automation completed successfully
{
  "userId": "69bb993fb4ee466916f2b02d",
  "city": "Guwahati",
  "rainMm": 0.26,
  "claimCreated": true,
  "claimDecision": "not_eligible"
}
---
[2026-04-03T14:38:43.802Z] [DEBUG] Claims retrieved
{
  "userId": "69bb993fb4ee466916f2b02d",
  "count": 1
}
---
[2026-04-03T14:38:43.883Z] [DEBUG] Weather cache hit
{
  "city": "Guwahati",
  "cached": true
}
---
[2026-04-03T14:38:44.092Z] [DEBUG] Weather cache hit
{
  "city": "Guwahati",
  "cached": true
}
---
[2026-04-03T14:39:39.692Z] [INFO] Claim auto request received
{
  "userId": "69cfd12a43cccbafa5839010",
  "ip": "::ffff:127.0.0.1",
  "timestamp": "2026-04-03T14:39:39.691Z"
}
---
[2026-04-03T14:39:39.975Z] [INFO] Claim eligibility evaluated
{
  "userId": "69cfd12a43cccbafa5839010",
  "city": "Bangalore",
  "rain": 0,
  "threshold": 1,
  "decision": "NOT_ELIGIBLE",
  "status": "not_eligible"
}
---
[2026-04-03T14:39:39.976Z] [INFO] Claim automation completed successfully
{
  "userId": "69cfd12a43cccbafa5839010",
  "city": "Bangalore",
  "rainMm": 0,
  "claimCreated": true,
  "claimDecision": "not_eligible"
}
---
[2026-04-03T14:39:40.092Z] [DEBUG] Claims retrieved
{
  "userId": "69cfd12a43cccbafa5839010",
  "count": 1
}
---
[2026-04-03T14:39:40.155Z] [INFO] Claim auto request received
{
  "userId": "69cfd12a43cccbafa5839010",
  "ip": "::ffff:127.0.0.1",
  "timestamp": "2026-04-03T14:39:40.154Z"
}
---
[2026-04-03T14:39:40.425Z] [INFO] Claim eligibility evaluated
{
  "userId": "69cfd12a43cccbafa5839010",
  "city": "Bangalore",
  "rain": 10,
  "threshold": 1,
  "decision": "ELIGIBLE",
  "status": "eligible"
}
---
[2026-04-03T14:39:40.426Z] [INFO] Claim automation completed successfully
{
  "userId": "69cfd12a43cccbafa5839010",
  "city": "Bangalore",
  "rainMm": 10,
  "claimCreated": true,
  "claimDecision": "eligible"
}
---
[2026-04-03T14:39:40.535Z] [DEBUG] Claims retrieved
{
  "userId": "69cfd12a43cccbafa5839010",
  "count": 1
}
---
[2026-04-03T14:39:40.862Z] [INFO] Claim redeemed and approved
{
  "userId": "69cfd12a43cccbafa5839010",
  "rain": 10,
  "threshold": 1,
  "decision": "REDEEMED",
  "status": "approved"
}
---
[2026-04-03T14:39:40.974Z] [DEBUG] Claims retrieved
{
  "userId": "69cfd12a43cccbafa5839010",
  "count": 1
}
---
[2026-04-03T14:39:43.412Z] [INFO] Claim auto request received
{
  "userId": "69bb993fb4ee466916f2b02d",
  "ip": "::1",
  "timestamp": "2026-04-03T14:39:43.412Z"
}
---
[2026-04-03T14:39:43.463Z] [DEBUG] Weather cache hit
{
  "city": "Guwahati",
  "cached": true
}
---
[2026-04-03T14:39:43.678Z] [INFO] Claim eligibility evaluated
{
  "userId": "69bb993fb4ee466916f2b02d",
  "city": "Guwahati",
  "rain": 0.26,
  "threshold": 5.1,
  "decision": "NOT_ELIGIBLE",
  "status": "not_eligible"
}
---
[2026-04-03T14:39:43.679Z] [INFO] Claim automation completed successfully
{
  "userId": "69bb993fb4ee466916f2b02d",
  "city": "Guwahati",
  "rainMm": 0.26,
  "claimCreated": true,
  "claimDecision": "not_eligible"
}
---
[2026-04-03T14:39:43.789Z] [DEBUG] Claims retrieved
{
  "userId": "69bb993fb4ee466916f2b02d",
  "count": 1
}
---
[2026-04-03T14:39:43.867Z] [DEBUG] Weather cache hit
{
  "city": "Guwahati",
  "cached": true
}
---
[2026-04-03T14:39:44.039Z] [DEBUG] Weather cache hit
{
  "city": "Guwahati",
  "cached": true
}
---
[2026-04-03T14:40:43.428Z] [INFO] Claim auto request received
{
  "userId": "69bb993fb4ee466916f2b02d",
  "ip": "::1",
  "timestamp": "2026-04-03T14:40:43.428Z"
}
---
[2026-04-03T14:40:43.488Z] [DEBUG] Weather cache hit
{
  "city": "Guwahati",
  "cached": true
}
---
[2026-04-03T14:40:43.707Z] [INFO] Claim eligibility evaluated
{
  "userId": "69bb993fb4ee466916f2b02d",
  "city": "Guwahati",
  "rain": 0.26,
  "threshold": 5.1,
  "decision": "NOT_ELIGIBLE",
  "status": "not_eligible"
}
---
[2026-04-03T14:40:43.708Z] [INFO] Claim automation completed successfully
{
  "userId": "69bb993fb4ee466916f2b02d",
  "city": "Guwahati",
  "rainMm": 0.26,
  "claimCreated": true,
  "claimDecision": "not_eligible"
}
---
[2026-04-03T14:40:43.815Z] [DEBUG] Claims retrieved
{
  "userId": "69bb993fb4ee466916f2b02d",
  "count": 1
}
---
[2026-04-03T14:40:43.882Z] [DEBUG] Weather cache hit
{
  "city": "Guwahati",
  "cached": true
}
---
[2026-04-03T14:40:44.089Z] [DEBUG] Weather cache hit
{
  "city": "Guwahati",
  "cached": true
}
---
[2026-04-03T14:45:14.171Z] [INFO] Claim auto request received
{
  "userId": "69cfd279d54d23d3cd775e18",
  "ip": "::ffff:127.0.0.1",
  "timestamp": "2026-04-03T14:45:14.170Z"
}
---
[2026-04-03T14:45:14.451Z] [INFO] Claim eligibility evaluated
{
  "userId": "69cfd279d54d23d3cd775e18",
  "city": "Bangalore",
  "rain": 0,
  "threshold": 1,
  "decision": "NOT_ELIGIBLE",
  "status": "not_eligible"
}
---
[2026-04-03T14:45:14.452Z] [INFO] Claim automation completed successfully
{
  "userId": "69cfd279d54d23d3cd775e18",
  "city": "Bangalore",
  "rainMm": 0,
  "claimCreated": true,
  "claimDecision": "not_eligible"
}
---
[2026-04-03T14:45:14.570Z] [DEBUG] Claims retrieved
{
  "userId": "69cfd279d54d23d3cd775e18",
  "count": 1
}
---
[2026-04-03T14:45:14.679Z] [INFO] Claim auto request received
{
  "userId": "69cfd279d54d23d3cd775e18",
  "ip": "::ffff:127.0.0.1",
  "timestamp": "2026-04-03T14:45:14.634Z"
}
---
[2026-04-03T14:45:14.956Z] [INFO] Claim eligibility evaluated
{
  "userId": "69cfd279d54d23d3cd775e18",
  "city": "Bangalore",
  "rain": 10,
  "threshold": 1,
  "decision": "ELIGIBLE",
  "status": "eligible"
}
---
[2026-04-03T14:45:14.957Z] [INFO] Claim automation completed successfully
{
  "userId": "69cfd279d54d23d3cd775e18",
  "city": "Bangalore",
  "rainMm": 10,
  "claimCreated": true,
  "claimDecision": "eligible"
}
---
[2026-04-03T14:45:15.073Z] [DEBUG] Claims retrieved
{
  "userId": "69cfd279d54d23d3cd775e18",
  "count": 1
}
---
[2026-04-03T14:45:15.442Z] [INFO] Claim redeemed and approved
{
  "userId": "69cfd279d54d23d3cd775e18",
  "rain": 10,
  "threshold": 1,
  "decision": "REDEEMED",
  "status": "approved"
}
---
[2026-04-03T14:45:15.561Z] [DEBUG] Claims retrieved
{
  "userId": "69cfd279d54d23d3cd775e18",
  "count": 1
}
---
[2026-04-03T14:50:32.491Z] [INFO] Claim scheduler started
{
  "scanIntervalMs": 1800000,
  "startupDelayMs": 5000
}
---
[2026-04-03T14:50:37.801Z] [DEBUG] Fetching current weather from API
{
  "city": "srinagar"
}
---
[2026-04-03T14:50:37.985Z] [INFO] Current weather fetched successfully
{
  "city": "srinagar",
  "temp": 10.88,
  "condition": "Clouds"
}
---
[2026-04-03T14:50:38.270Z] [INFO] Claim eligibility evaluated
{
  "userId": "69ca5404411e4f6a53154a93",
  "city": "srinagar",
  "rain": 0,
  "threshold": 0.2,
  "decision": "NOT_ELIGIBLE",
  "status": "not_eligible"
}
---
[2026-04-03T14:50:38.318Z] [DEBUG] Weather cache hit
{
  "city": "srinagar",
  "cached": true
}
---
[2026-04-03T14:50:38.514Z] [INFO] Claim eligibility evaluated
{
  "userId": "69cb8f604a913486550abda7",
  "city": "srinagar",
  "rain": 0,
  "threshold": 0.3,
  "decision": "NOT_ELIGIBLE",
  "status": "not_eligible"
}
---
[2026-04-03T14:50:38.560Z] [DEBUG] Fetching current weather from API
{
  "city": "Guwahati"
}
---
[2026-04-03T14:50:38.607Z] [INFO] Current weather fetched successfully
{
  "city": "Guwahati",
  "temp": 25.95,
  "condition": "Mist"
}
---
[2026-04-03T14:50:38.852Z] [INFO] Claim eligibility evaluated
{
  "userId": "69cd01b569a5d36d73c9aed3",
  "city": "Guwahati",
  "rain": 0,
  "threshold": 5.1,
  "decision": "NOT_ELIGIBLE",
  "status": "not_eligible"
}
---
[2026-04-03T14:50:38.898Z] [DEBUG] Weather cache hit
{
  "city": "srinagar",
  "cached": true
}
---
[2026-04-03T14:50:39.096Z] [INFO] Claim eligibility evaluated
{
  "userId": "69cf5ffa626dba0e2eb7e115",
  "city": "srinagar",
  "rain": 0,
  "threshold": 10.1,
  "decision": "NOT_ELIGIBLE",
  "status": "not_eligible"
}
---
[2026-04-03T14:50:39.143Z] [DEBUG] Weather cache hit
{
  "city": "srinagar",
  "cached": true
}
---
[2026-04-03T14:50:39.456Z] [INFO] Claim eligibility evaluated
{
  "userId": "69cf923bbe9a130db98aab92",
  "city": "srinagar",
  "rain": 0,
  "threshold": 15,
  "decision": "NOT_ELIGIBLE",
  "status": "not_eligible"
}
---
[2026-04-03T14:50:39.458Z] [INFO] Claim scheduler run completed
{
  "checkedUsers": 10,
  "createdOrUpdatedClaims": 5,
  "skippedUsers": 3,
  "failedUsers": 0,
  "durationMs": 1963
}
---
[2026-04-03T14:50:41.254Z] [DEBUG] Fetching 5-day forecast from API
{
  "city": "Guwahati"
}
---
[2026-04-03T14:50:41.363Z] [INFO] 5-day forecast fetched successfully
{
  "city": "Guwahati",
  "forecastItems": 40
}
---
[2026-04-03T14:50:41.528Z] [DEBUG] Forecast cache hit
{
  "city": "Guwahati",
  "cached": true
}
---
[2026-04-03T14:50:41.638Z] [INFO] Claim auto request received
{
  "userId": "69bb993fb4ee466916f2b02d",
  "ip": "::1",
  "timestamp": "2026-04-03T14:50:41.637Z"
}
---
[2026-04-03T14:50:41.704Z] [DEBUG] Weather cache hit
{
  "city": "Guwahati",
  "cached": true
}
---
[2026-04-03T14:50:41.807Z] [INFO] Claim auto request received
{
  "userId": "69bb993fb4ee466916f2b02d",
  "ip": "::1",
  "timestamp": "2026-04-03T14:50:41.805Z"
}
---
[2026-04-03T14:50:41.855Z] [DEBUG] Weather cache hit
{
  "city": "Guwahati",
  "cached": true
}
---
[2026-04-03T14:50:41.961Z] [INFO] Claim eligibility evaluated
{
  "userId": "69bb993fb4ee466916f2b02d",
  "city": "Guwahati",
  "rain": 0,
  "threshold": 5.1,
  "decision": "NOT_ELIGIBLE",
  "status": "not_eligible"
}
---
[2026-04-03T14:50:41.962Z] [INFO] Claim automation completed successfully
{
  "userId": "69bb993fb4ee466916f2b02d",
  "city": "Guwahati",
  "rainMm": 0,
  "claimCreated": true,
  "claimDecision": "not_eligible"
}
---
[2026-04-03T14:50:42.058Z] [INFO] Claim eligibility evaluated
{
  "userId": "69bb993fb4ee466916f2b02d",
  "city": "Guwahati",
  "rain": 0,
  "threshold": 5.1,
  "decision": "NOT_ELIGIBLE",
  "status": "not_eligible"
}
---
[2026-04-03T14:50:42.059Z] [INFO] Claim automation completed successfully
{
  "userId": "69bb993fb4ee466916f2b02d",
  "city": "Guwahati",
  "rainMm": 0,
  "claimCreated": true,
  "claimDecision": "not_eligible"
}
---
[2026-04-03T14:50:42.115Z] [DEBUG] Claims retrieved
{
  "userId": "69bb993fb4ee466916f2b02d",
  "count": 1
}
---
[2026-04-03T14:50:42.187Z] [DEBUG] Weather cache hit
{
  "city": "Guwahati",
  "cached": true
}
---
[2026-04-03T14:50:42.226Z] [DEBUG] Claims retrieved
{
  "userId": "69bb993fb4ee466916f2b02d",
  "count": 1
}
---
[2026-04-03T14:50:42.238Z] [DEBUG] Weather cache hit
{
  "city": "Guwahati",
  "cached": true
}
---
[2026-04-03T14:50:42.352Z] [DEBUG] Weather cache hit
{
  "city": "Guwahati",
  "cached": true
}
---
[2026-04-03T14:50:42.427Z] [DEBUG] Weather cache hit
{
  "city": "Guwahati",
  "cached": true
}
---
[2026-04-03T14:50:42.429Z] [DEBUG] Forecast cache hit
{
  "city": "Guwahati",
  "cached": true
}
---
[2026-04-03T14:50:42.526Z] [DEBUG] Weather cache hit
{
  "city": "Guwahati",
  "cached": true
}
---
[2026-04-03T14:50:42.644Z] [DEBUG] Weather cache hit
{
  "city": "Guwahati",
  "cached": true
}
---
[2026-04-03T14:50:42.646Z] [DEBUG] Forecast cache hit
{
  "city": "Guwahati",
  "cached": true
}
---
[2026-04-03T14:50:48.951Z] [INFO] Claim auto request received
{
  "userId": "69bb993fb4ee466916f2b02d",
  "ip": "::1",
  "timestamp": "2026-04-03T14:50:48.950Z"
}
---
[2026-04-03T14:50:48.956Z] [INFO] Claim auto request received
{
  "userId": "69bb993fb4ee466916f2b02d",
  "ip": "::1",
  "timestamp": "2026-04-03T14:50:48.955Z"
}
---
[2026-04-03T14:50:48.996Z] [DEBUG] Weather cache hit
{
  "city": "Guwahati",
  "cached": true
}
---
[2026-04-03T14:50:49.012Z] [DEBUG] Weather cache hit
{
  "city": "Guwahati",
  "cached": true
}
---
[2026-04-03T14:50:49.202Z] [INFO] Claim eligibility evaluated
{
  "userId": "69bb993fb4ee466916f2b02d",
  "city": "Guwahati",
  "rain": 0,
  "threshold": 5.1,
  "decision": "NOT_ELIGIBLE",
  "status": "not_eligible"
}
---
[2026-04-03T14:50:49.203Z] [INFO] Claim automation completed successfully
{
  "userId": "69bb993fb4ee466916f2b02d",
  "city": "Guwahati",
  "rainMm": 0,
  "claimCreated": true,
  "claimDecision": "not_eligible"
}
---
[2026-04-03T14:50:49.215Z] [INFO] Claim eligibility evaluated
{
  "userId": "69bb993fb4ee466916f2b02d",
  "city": "Guwahati",
  "rain": 0,
  "threshold": 5.1,
  "decision": "NOT_ELIGIBLE",
  "status": "not_eligible"
}
---
[2026-04-03T14:50:49.217Z] [INFO] Claim automation completed successfully
{
  "userId": "69bb993fb4ee466916f2b02d",
  "city": "Guwahati",
  "rainMm": 0,
  "claimCreated": true,
  "claimDecision": "not_eligible"
}
---
[2026-04-03T14:50:49.345Z] [DEBUG] Claims retrieved
{
  "userId": "69bb993fb4ee466916f2b02d",
  "count": 1
}
---
[2026-04-03T14:50:49.460Z] [DEBUG] Claims retrieved
{
  "userId": "69bb993fb4ee466916f2b02d",
  "count": 1
}
---
[2026-04-03T14:51:03.730Z] [INFO] Claim auto request received
{
  "userId": "69bb993fb4ee466916f2b02d",
  "ip": "::1",
  "timestamp": "2026-04-03T14:51:03.728Z"
}
---
[2026-04-03T14:51:03.756Z] [WARN] Fraud check: RATE_LIMIT_EXCEEDED
{
  "userId": "69bb993fb4ee466916f2b02d",
  "result": true,
  "reason": "User exceeded 5 requests/min. Retry after 278s"
}
---
[2026-04-03T14:51:03.764Z] [ERROR] Rate limit exceeded. Maximum 5 requests per minute. Retry after 278 seconds.
{
  "statusCode": 429,
  "errorCode": "RATE_LIMIT_EXCEEDED",
  "userId": "69bb993fb4ee466916f2b02d",
  "path": "/api/claim/auto",
  "method": "POST",
  "ip": "::1",
  "stack": "Error: Rate limit exceeded. Maximum 5 requests per minute. Retry after 278 seconds.\n    at rateLimiterClaimAuto (D:\\ctkmani\\ctkmani\\server\\middleware\\rateLimiter.js:82:19)\n    at Layer.handle [as handle_request] (D:\\ctkmani\\ctkmani\\server\\node_modules\\express\\lib\\router\\layer.js:95:5)\n    at next (D:\\ctkmani\\ctkmani\\server\\node_modules\\express\\lib\\router\\route.js:149:13)\n    at required (D:\\ctkmani\\ctkmani\\server\\middleware\\authMiddleware.js:32:7)\n    at process.processTicksAndRejections (node:internal/process/task_queues:105:5)"
}
---
[2026-04-03T14:51:03.779Z] [DEBUG] Weather cache hit
{
  "city": "Guwahati",
  "cached": true
}
---
[2026-04-03T14:51:03.986Z] [INFO] Claim eligibility evaluated
{
  "userId": "69bb993fb4ee466916f2b02d",
  "city": "Guwahati",
  "rain": 0,
  "threshold": 5.1,
  "decision": "NOT_ELIGIBLE",
  "status": "not_eligible"
}
---
[2026-04-03T14:51:03.990Z] [INFO] Claim automation completed successfully
{
  "userId": "69bb993fb4ee466916f2b02d",
  "city": "Guwahati",
  "rainMm": 0,
  "claimCreated": true,
  "claimDecision": "not_eligible"
}
---
[2026-04-03T14:51:04.109Z] [DEBUG] Claims retrieved
{
  "userId": "69bb993fb4ee466916f2b02d",
  "count": 1
}
---
[2026-04-03T14:51:33.335Z] [DEBUG] Fetching 5-day forecast from API
{
  "city": "srinagar"
}
---
[2026-04-03T14:51:33.556Z] [INFO] 5-day forecast fetched successfully
{
  "city": "srinagar",
  "forecastItems": 40
}
---
[2026-04-03T14:51:33.716Z] [DEBUG] Forecast cache hit
{
  "city": "srinagar",
  "cached": true
}
---
[2026-04-03T14:51:33.816Z] [INFO] Claim auto request received
{
  "userId": "69ba2ebd4834ce594366687b",
  "ip": "::1",
  "timestamp": "2026-04-03T14:51:33.812Z"
}
---
[2026-04-03T14:51:33.862Z] [DEBUG] Weather cache hit
{
  "city": "srinagar",
  "cached": true
}
---
[2026-04-03T14:51:33.953Z] [INFO] Claim eligibility evaluated
{
  "userId": "69ba2ebd4834ce594366687b",
  "city": "srinagar",
  "rain": 0,
  "threshold": 0.3,
  "decision": "NOT_ELIGIBLE",
  "status": "approved"
}
---
[2026-04-03T14:51:33.957Z] [INFO] Claim automation completed successfully
{
  "userId": "69ba2ebd4834ce594366687b",
  "city": "srinagar",
  "rainMm": 0,
  "claimCreated": true,
  "claimDecision": "approved"
}
---
[2026-04-03T14:51:34.019Z] [INFO] Claim auto request received
{
  "userId": "69ba2ebd4834ce594366687b",
  "ip": "::1",
  "timestamp": "2026-04-03T14:51:34.019Z"
}
---
[2026-04-03T14:51:34.067Z] [DEBUG] Weather cache hit
{
  "city": "srinagar",
  "cached": true
}
---
[2026-04-03T14:51:34.131Z] [DEBUG] Claims retrieved
{
  "userId": "69ba2ebd4834ce594366687b",
  "count": 12
}
---
[2026-04-03T14:51:34.189Z] [DEBUG] Weather cache hit
{
  "city": "srinagar",
  "cached": true
}
---
[2026-04-03T14:51:34.258Z] [INFO] Claim eligibility evaluated
{
  "userId": "69ba2ebd4834ce594366687b",
  "city": "srinagar",
  "rain": 0,
  "threshold": 0.3,
  "decision": "NOT_ELIGIBLE",
  "status": "approved"
}
---
[2026-04-03T14:51:34.261Z] [INFO] Claim automation completed successfully
{
  "userId": "69ba2ebd4834ce594366687b",
  "city": "srinagar",
  "rainMm": 0,
  "claimCreated": true,
  "claimDecision": "approved"
}
---
[2026-04-03T14:51:34.467Z] [DEBUG] Claims retrieved
{
  "userId": "69ba2ebd4834ce594366687b",
  "count": 12
}
---
[2026-04-03T14:51:34.472Z] [DEBUG] Weather cache hit
{
  "city": "srinagar",
  "cached": true
}
---
[2026-04-03T14:51:34.528Z] [DEBUG] Weather cache hit
{
  "city": "srinagar",
  "cached": true
}
---
[2026-04-03T14:51:34.575Z] [DEBUG] Weather cache hit
{
  "city": "srinagar",
  "cached": true
}
---
[2026-04-03T14:51:34.577Z] [DEBUG] Forecast cache hit
{
  "city": "srinagar",
  "cached": true
}
---
[2026-04-03T14:51:34.763Z] [DEBUG] Weather cache hit
{
  "city": "srinagar",
  "cached": true
}
---
[2026-04-03T14:51:34.860Z] [DEBUG] Weather cache hit
{
  "city": "srinagar",
  "cached": true
}
---
[2026-04-03T14:51:34.862Z] [DEBUG] Forecast cache hit
{
  "city": "srinagar",
  "cached": true
}
---
[2026-04-03T14:51:39.666Z] [INFO] Claim auto request received
{
  "userId": "69ba2ebd4834ce594366687b",
  "ip": "::1",
  "timestamp": "2026-04-03T14:51:39.665Z"
}
---
[2026-04-03T14:51:39.691Z] [INFO] Claim auto request received
{
  "userId": "69ba2ebd4834ce594366687b",
  "ip": "::1",
  "timestamp": "2026-04-03T14:51:39.673Z"
}
---
[2026-04-03T14:51:39.717Z] [DEBUG] Weather cache hit
{
  "city": "srinagar",
  "cached": true
}
---
[2026-04-03T14:51:39.924Z] [DEBUG] Weather cache hit
{
  "city": "srinagar",
  "cached": true
}
---
[2026-04-03T14:51:39.989Z] [INFO] Claim eligibility evaluated
{
  "userId": "69ba2ebd4834ce594366687b",
  "city": "srinagar",
  "rain": 0,
  "threshold": 0.3,
  "decision": "NOT_ELIGIBLE",
  "status": "approved"
}
---
[2026-04-03T14:51:39.990Z] [INFO] Claim automation completed successfully
{
  "userId": "69ba2ebd4834ce594366687b",
  "city": "srinagar",
  "rainMm": 0,
  "claimCreated": true,
  "claimDecision": "approved"
}
---
[2026-04-03T14:51:40.026Z] [INFO] Claim eligibility evaluated
{
  "userId": "69ba2ebd4834ce594366687b",
  "city": "srinagar",
  "rain": 0,
  "threshold": 0.3,
  "decision": "NOT_ELIGIBLE",
  "status": "approved"
}
---
[2026-04-03T14:51:40.033Z] [INFO] Claim automation completed successfully
{
  "userId": "69ba2ebd4834ce594366687b",
  "city": "srinagar",
  "rainMm": 0,
  "claimCreated": true,
  "claimDecision": "approved"
}
---
[2026-04-03T14:51:40.099Z] [DEBUG] Claims retrieved
{
  "userId": "69ba2ebd4834ce594366687b",
  "count": 12
}
---
[2026-04-03T14:51:40.199Z] [DEBUG] Claims retrieved
{
  "userId": "69ba2ebd4834ce594366687b",
  "count": 12
}
---
[2026-04-03T14:51:44.839Z] [INFO] Claim auto request received
{
  "userId": "69ba2ebd4834ce594366687b",
  "ip": "::1",
  "timestamp": "2026-04-03T14:51:44.838Z"
}
---
[2026-04-03T14:51:44.843Z] [WARN] Fraud check: RATE_LIMIT_EXCEEDED
{
  "userId": "69ba2ebd4834ce594366687b",
  "result": true,
  "reason": "User exceeded 5 requests/min. Retry after 289s"
}
---
[2026-04-03T14:51:44.853Z] [ERROR] Rate limit exceeded. Maximum 5 requests per minute. Retry after 289 seconds.
{
  "statusCode": 429,
  "errorCode": "RATE_LIMIT_EXCEEDED",
  "userId": "69ba2ebd4834ce594366687b",
  "path": "/api/claim/auto",
  "method": "POST",
  "ip": "::1",
  "stack": "Error: Rate limit exceeded. Maximum 5 requests per minute. Retry after 289 seconds.\n    at rateLimiterClaimAuto (D:\\ctkmani\\ctkmani\\server\\middleware\\rateLimiter.js:82:19)\n    at Layer.handle [as handle_request] (D:\\ctkmani\\ctkmani\\server\\node_modules\\express\\lib\\router\\layer.js:95:5)\n    at next (D:\\ctkmani\\ctkmani\\server\\node_modules\\express\\lib\\router\\route.js:149:13)\n    at required (D:\\ctkmani\\ctkmani\\server\\middleware\\authMiddleware.js:32:7)\n    at process.processTicksAndRejections (node:internal/process/task_queues:105:5)"
}
---
[2026-04-03T14:51:44.887Z] [DEBUG] Weather cache hit
{
  "city": "srinagar",
  "cached": true
}
---
[2026-04-03T14:51:44.982Z] [INFO] Claim eligibility evaluated
{
  "userId": "69ba2ebd4834ce594366687b",
  "city": "srinagar",
  "rain": 0,
  "threshold": 0.3,
  "decision": "NOT_ELIGIBLE",
  "status": "approved"
}
---
[2026-04-03T14:51:44.984Z] [INFO] Claim automation completed successfully
{
  "userId": "69ba2ebd4834ce594366687b",
  "city": "srinagar",
  "rainMm": 0,
  "claimCreated": true,
  "claimDecision": "approved"
}
---
[2026-04-03T14:51:45.094Z] [DEBUG] Claims retrieved
{
  "userId": "69ba2ebd4834ce594366687b",
  "count": 12
}
---
[2026-04-03T14:51:53.422Z] [DEBUG] Forecast cache hit
{
  "city": "srinagar",
  "cached": true
}
---
[2026-04-03T14:51:53.576Z] [DEBUG] Forecast cache hit
{
  "city": "srinagar",
  "cached": true
}
---
[2026-04-03T14:51:53.665Z] [WARN] Fraud check: RATE_LIMIT_EXCEEDED
{
  "userId": "69ba2ebd4834ce594366687b",
  "result": true,
  "reason": "User exceeded 5 requests/min. Retry after 281s"
}
---
[2026-04-03T14:51:53.670Z] [ERROR] Rate limit exceeded. Maximum 5 requests per minute. Retry after 281 seconds.
{
  "statusCode": 429,
  "errorCode": "RATE_LIMIT_EXCEEDED",
  "userId": "69ba2ebd4834ce594366687b",
  "path": "/api/claim/auto",
  "method": "POST",
  "ip": "::1",
  "stack": "Error: Rate limit exceeded. Maximum 5 requests per minute. Retry after 281 seconds.\n    at rateLimiterClaimAuto (D:\\ctkmani\\ctkmani\\server\\middleware\\rateLimiter.js:82:19)\n    at Layer.handle [as handle_request] (D:\\ctkmani\\ctkmani\\server\\node_modules\\express\\lib\\router\\layer.js:95:5)\n    at next (D:\\ctkmani\\ctkmani\\server\\node_modules\\express\\lib\\router\\route.js:149:13)\n    at required (D:\\ctkmani\\ctkmani\\server\\middleware\\authMiddleware.js:32:7)\n    at process.processTicksAndRejections (node:internal/process/task_queues:105:5)"
}
---
[2026-04-03T14:51:53.823Z] [DEBUG] Claims retrieved
{
  "userId": "69ba2ebd4834ce594366687b",
  "count": 12
}
---
[2026-04-03T14:51:53.856Z] [WARN] Fraud check: RATE_LIMIT_EXCEEDED
{
  "userId": "69ba2ebd4834ce594366687b",
  "result": true,
  "reason": "User exceeded 5 requests/min. Retry after 280s"
}
---
[2026-04-03T14:51:53.858Z] [ERROR] Rate limit exceeded. Maximum 5 requests per minute. Retry after 280 seconds.
{
  "statusCode": 429,
  "errorCode": "RATE_LIMIT_EXCEEDED",
  "userId": "69ba2ebd4834ce594366687b",
  "path": "/api/claim/auto",
  "method": "POST",
  "ip": "::1",
  "stack": "Error: Rate limit exceeded. Maximum 5 requests per minute. Retry after 280 seconds.\n    at rateLimiterClaimAuto (D:\\ctkmani\\ctkmani\\server\\middleware\\rateLimiter.js:82:19)\n    at Layer.handle [as handle_request] (D:\\ctkmani\\ctkmani\\server\\node_modules\\express\\lib\\router\\layer.js:95:5)\n    at next (D:\\ctkmani\\ctkmani\\server\\node_modules\\express\\lib\\router\\route.js:149:13)\n    at required (D:\\ctkmani\\ctkmani\\server\\middleware\\authMiddleware.js:32:7)\n    at process.processTicksAndRejections (node:internal/process/task_queues:105:5)"
}
---
[2026-04-03T14:51:53.865Z] [DEBUG] Weather cache hit
{
  "city": "srinagar",
  "cached": true
}
---
[2026-04-03T14:51:53.992Z] [DEBUG] Claims retrieved
{
  "userId": "69ba2ebd4834ce594366687b",
  "count": 12
}
---
[2026-04-03T14:51:54.025Z] [DEBUG] Weather cache hit
{
  "city": "srinagar",
  "cached": true
}
---
[2026-04-03T14:51:54.049Z] [DEBUG] Weather cache hit
{
  "city": "srinagar",
  "cached": true
}
---
[2026-04-03T14:51:54.132Z] [DEBUG] Weather cache hit
{
  "city": "srinagar",
  "cached": true
}
---
[2026-04-03T14:51:54.133Z] [DEBUG] Forecast cache hit
{
  "city": "srinagar",
  "cached": true
}
---
[2026-04-03T14:51:54.208Z] [DEBUG] Weather cache hit
{
  "city": "srinagar",
  "cached": true
}
---
[2026-04-03T14:51:54.304Z] [DEBUG] Weather cache hit
{
  "city": "srinagar",
  "cached": true
}
---
[2026-04-03T14:51:54.306Z] [DEBUG] Forecast cache hit
{
  "city": "srinagar",
  "cached": true
}
---
[2026-04-03T14:52:15.465Z] [DEBUG] Forecast cache hit
{
  "city": "srinagar",
  "cached": true
}
---
[2026-04-03T14:52:15.577Z] [DEBUG] Weather cache hit
{
  "city": "srinagar",
  "cached": true
}
---
[2026-04-03T14:52:15.578Z] [DEBUG] Forecast cache hit
{
  "city": "srinagar",
  "cached": true
}
---
[2026-04-03T14:52:22.092Z] [DEBUG] Forecast cache hit
{
  "city": "srinagar",
  "cached": true
}
---
[2026-04-03T14:52:22.209Z] [DEBUG] Weather cache hit
{
  "city": "srinagar",
  "cached": true
}
---
[2026-04-03T14:52:22.210Z] [DEBUG] Forecast cache hit
{
  "city": "srinagar",
  "cached": true
}
---
[2026-04-03T14:52:35.373Z] [INFO] Claim auto request received
{
  "userId": "69ba2ebd4834ce594366687b",
  "ip": "::1",
  "timestamp": "2026-04-03T14:52:35.372Z"
}
---
[2026-04-03T14:52:35.415Z] [INFO] Claim auto request received
{
  "userId": "69ba2ebd4834ce594366687b",
  "ip": "::1",
  "timestamp": "2026-04-03T14:52:35.377Z"
}
---
[2026-04-03T14:52:35.425Z] [DEBUG] Weather cache hit
{
  "city": "srinagar",
  "cached": true
}
---
[2026-04-03T14:52:35.464Z] [DEBUG] Weather cache hit
{
  "city": "srinagar",
  "cached": true
}
---
[2026-04-03T14:52:35.516Z] [INFO] Claim eligibility evaluated
{
  "userId": "69ba2ebd4834ce594366687b",
  "city": "srinagar",
  "rain": 0,
  "threshold": 11,
  "decision": "NOT_ELIGIBLE",
  "status": "approved"
}
---
[2026-04-03T14:52:35.517Z] [INFO] Claim automation completed successfully
{
  "userId": "69ba2ebd4834ce594366687b",
  "city": "srinagar",
  "rainMm": 0,
  "claimCreated": true,
  "claimDecision": "approved"
}
---
[2026-04-03T14:52:35.559Z] [INFO] Claim eligibility evaluated
{
  "userId": "69ba2ebd4834ce594366687b",
  "city": "srinagar",
  "rain": 0,
  "threshold": 11,
  "decision": "NOT_ELIGIBLE",
  "status": "approved"
}
---
[2026-04-03T14:52:35.561Z] [INFO] Claim automation completed successfully
{
  "userId": "69ba2ebd4834ce594366687b",
  "city": "srinagar",
  "rainMm": 0,
  "claimCreated": true,
  "claimDecision": "approved"
}
---
[2026-04-03T14:52:35.626Z] [DEBUG] Claims retrieved
{
  "userId": "69ba2ebd4834ce594366687b",
  "count": 12
}
---
[2026-04-03T14:52:35.724Z] [DEBUG] Claims retrieved
{
  "userId": "69ba2ebd4834ce594366687b",
  "count": 12
}
---
[2026-04-03T14:52:51.394Z] [INFO] Claim auto request received
{
  "userId": "69ba2ebd4834ce594366687b",
  "ip": "::1",
  "timestamp": "2026-04-03T14:52:51.394Z"
}
---
[2026-04-03T14:52:51.400Z] [INFO] Claim auto request received
{
  "userId": "69ba2ebd4834ce594366687b",
  "ip": "::1",
  "timestamp": "2026-04-03T14:52:51.400Z"
}
---
[2026-04-03T14:52:51.445Z] [DEBUG] Weather cache hit
{
  "city": "srinagar",
  "cached": true
}
---
[2026-04-03T14:52:51.474Z] [DEBUG] Weather cache hit
{
  "city": "srinagar",
  "cached": true
}
---
[2026-04-03T14:52:51.541Z] [INFO] Claim eligibility evaluated
{
  "userId": "69ba2ebd4834ce594366687b",
  "city": "srinagar",
  "rain": 0,
  "threshold": 11,
  "decision": "NOT_ELIGIBLE",
  "status": "approved"
}
---
[2026-04-03T14:52:51.543Z] [INFO] Claim automation completed successfully
{
  "userId": "69ba2ebd4834ce594366687b",
  "city": "srinagar",
  "rainMm": 0,
  "claimCreated": true,
  "claimDecision": "approved"
}
---
[2026-04-03T14:52:51.576Z] [INFO] Claim eligibility evaluated
{
  "userId": "69ba2ebd4834ce594366687b",
  "city": "srinagar",
  "rain": 0,
  "threshold": 11,
  "decision": "NOT_ELIGIBLE",
  "status": "approved"
}
---
[2026-04-03T14:52:51.577Z] [INFO] Claim automation completed successfully
{
  "userId": "69ba2ebd4834ce594366687b",
  "city": "srinagar",
  "rainMm": 0,
  "claimCreated": true,
  "claimDecision": "approved"
}
---
[2026-04-03T14:52:51.647Z] [DEBUG] Claims retrieved
{
  "userId": "69ba2ebd4834ce594366687b",
  "count": 12
}
---
[2026-04-03T14:52:51.741Z] [DEBUG] Claims retrieved
{
  "userId": "69ba2ebd4834ce594366687b",
  "count": 12
}
---
[2026-04-03T14:52:54.309Z] [INFO] Claim auto request received
{
  "userId": "69ba2ebd4834ce594366687b",
  "ip": "::1",
  "timestamp": "2026-04-03T14:52:54.307Z"
}
---
[2026-04-03T14:52:54.354Z] [DEBUG] Weather cache hit
{
  "city": "srinagar",
  "cached": true
}
---
[2026-04-03T14:52:54.447Z] [INFO] Claim eligibility evaluated
{
  "userId": "69ba2ebd4834ce594366687b",
  "city": "srinagar",
  "rain": 0,
  "threshold": 11,
  "decision": "NOT_ELIGIBLE",
  "status": "approved"
}
---
[2026-04-03T14:52:54.449Z] [INFO] Claim automation completed successfully
{
  "userId": "69ba2ebd4834ce594366687b",
  "city": "srinagar",
  "rainMm": 0,
  "claimCreated": true,
  "claimDecision": "approved"
}
---
[2026-04-03T14:52:54.549Z] [WARN] Fraud check: RATE_LIMIT_EXCEEDED
{
  "userId": "69ba2ebd4834ce594366687b",
  "result": true,
  "reason": "User exceeded 5 requests/min. Retry after 281s"
}
---
[2026-04-03T14:52:54.559Z] [ERROR] Rate limit exceeded. Maximum 5 requests per minute. Retry after 281 seconds.
{
  "statusCode": 429,
  "errorCode": "RATE_LIMIT_EXCEEDED",
  "userId": "69ba2ebd4834ce594366687b",
  "path": "/api/claim/auto",
  "method": "POST",
  "ip": "::1",
  "stack": "Error: Rate limit exceeded. Maximum 5 requests per minute. Retry after 281 seconds.\n    at rateLimiterClaimAuto (D:\\ctkmani\\ctkmani\\server\\middleware\\rateLimiter.js:82:19)\n    at Layer.handle [as handle_request] (D:\\ctkmani\\ctkmani\\server\\node_modules\\express\\lib\\router\\layer.js:95:5)\n    at next (D:\\ctkmani\\ctkmani\\server\\node_modules\\express\\lib\\router\\route.js:149:13)\n    at required (D:\\ctkmani\\ctkmani\\server\\middleware\\authMiddleware.js:32:7)\n    at process.processTicksAndRejections (node:internal/process/task_queues:105:5)"
}
---
[2026-04-03T14:59:40.276Z] [INFO] Claim auto request received
{
  "userId": "69ba2ebd4834ce594366687b",
  "ip": "::1",
  "timestamp": "2026-04-03T14:59:40.276Z"
}
---
[2026-04-03T14:59:40.313Z] [DEBUG] Weather cache hit
{
  "city": "srinagar",
  "cached": true
}
---
[2026-04-03T14:59:40.385Z] [INFO] Claim eligibility evaluated
{
  "userId": "69ba2ebd4834ce594366687b",
  "city": "srinagar",
  "rain": 0,
  "threshold": 11,
  "decision": "NOT_ELIGIBLE",
  "status": "approved"
}
---
[2026-04-03T14:59:40.386Z] [INFO] Claim automation completed successfully
{
  "userId": "69ba2ebd4834ce594366687b",
  "city": "srinagar",
  "rainMm": 0,
  "claimCreated": true,
  "claimDecision": "approved"
}
---
[2026-04-03T14:59:40.478Z] [DEBUG] Claims retrieved
{
  "userId": "69ba2ebd4834ce594366687b",
  "count": 12
}
---
[2026-04-03T14:59:40.590Z] [INFO] Claim auto request received
{
  "userId": "69ba2ebd4834ce594366687b",
  "ip": "::1",
  "timestamp": "2026-04-03T14:59:40.589Z"
}
---
[2026-04-03T14:59:40.642Z] [DEBUG] Weather cache hit
{
  "city": "srinagar",
  "cached": true
}
---
[2026-04-03T14:59:40.743Z] [INFO] Claim eligibility evaluated
{
  "userId": "69ba2ebd4834ce594366687b",
  "city": "srinagar",
  "rain": 0,
  "threshold": 11,
  "decision": "NOT_ELIGIBLE",
  "status": "approved"
}
---
[2026-04-03T14:59:40.744Z] [INFO] Claim automation completed successfully
{
  "userId": "69ba2ebd4834ce594366687b",
  "city": "srinagar",
  "rainMm": 0,
  "claimCreated": true,
  "claimDecision": "approved"
}
---
[2026-04-03T14:59:40.862Z] [DEBUG] Claims retrieved
{
  "userId": "69ba2ebd4834ce594366687b",
  "count": 12
}
---
[2026-04-03T14:59:43.278Z] [INFO] Claim auto request received
{
  "userId": "69ba2ebd4834ce594366687b",
  "ip": "::1",
  "timestamp": "2026-04-03T14:59:43.278Z"
}
---
[2026-04-03T14:59:43.294Z] [INFO] Claim auto request received
{
  "userId": "69ba2ebd4834ce594366687b",
  "ip": "::1",
  "timestamp": "2026-04-03T14:59:43.290Z"
}
---
[2026-04-03T14:59:43.327Z] [DEBUG] Weather cache hit
{
  "city": "srinagar",
  "cached": true
}
---
[2026-04-03T14:59:43.347Z] [DEBUG] Weather cache hit
{
  "city": "srinagar",
  "cached": true
}
---
[2026-04-03T14:59:43.427Z] [INFO] Claim eligibility evaluated
{
  "userId": "69ba2ebd4834ce594366687b",
  "city": "srinagar",
  "rain": 0,
  "threshold": 11,
  "decision": "NOT_ELIGIBLE",
  "status": "approved"
}
---
[2026-04-03T14:59:43.428Z] [INFO] Claim automation completed successfully
{
  "userId": "69ba2ebd4834ce594366687b",
  "city": "srinagar",
  "rainMm": 0,
  "claimCreated": true,
  "claimDecision": "approved"
}
---
[2026-04-03T14:59:43.462Z] [INFO] Claim eligibility evaluated
{
  "userId": "69ba2ebd4834ce594366687b",
  "city": "srinagar",
  "rain": 0,
  "threshold": 11,
  "decision": "NOT_ELIGIBLE",
  "status": "approved"
}
---
[2026-04-03T14:59:43.463Z] [INFO] Claim automation completed successfully
{
  "userId": "69ba2ebd4834ce594366687b",
  "city": "srinagar",
  "rainMm": 0,
  "claimCreated": true,
  "claimDecision": "approved"
}
---
[2026-04-03T14:59:43.543Z] [DEBUG] Claims retrieved
{
  "userId": "69ba2ebd4834ce594366687b",
  "count": 12
}
---
[2026-04-03T14:59:43.648Z] [DEBUG] Claims retrieved
{
  "userId": "69ba2ebd4834ce594366687b",
  "count": 12
}
---
[2026-04-03T14:59:48.418Z] [DEBUG] Forecast cache hit
{
  "city": "srinagar",
  "cached": true
}
---
[2026-04-03T14:59:48.589Z] [DEBUG] Forecast cache hit
{
  "city": "srinagar",
  "cached": true
}
---
[2026-04-03T14:59:48.621Z] [INFO] Claim auto request received
{
  "userId": "69ba2ebd4834ce594366687b",
  "ip": "::1",
  "timestamp": "2026-04-03T14:59:48.620Z"
}
---
[2026-04-03T14:59:48.659Z] [DEBUG] Weather cache hit
{
  "city": "srinagar",
  "cached": true
}
---
[2026-04-03T14:59:48.731Z] [INFO] Claim eligibility evaluated
{
  "userId": "69ba2ebd4834ce594366687b",
  "city": "srinagar",
  "rain": 0,
  "threshold": 11,
  "decision": "NOT_ELIGIBLE",
  "status": "approved"
}
---
[2026-04-03T14:59:48.733Z] [INFO] Claim automation completed successfully
{
  "userId": "69ba2ebd4834ce594366687b",
  "city": "srinagar",
  "rainMm": 0,
  "claimCreated": true,
  "claimDecision": "approved"
}
---
[2026-04-03T14:59:48.836Z] [WARN] Fraud check: RATE_LIMIT_EXCEEDED
{
  "userId": "69ba2ebd4834ce594366687b",
  "result": true,
  "reason": "User exceeded 5 requests/min. Retry after 292s"
}
---
[2026-04-03T14:59:48.839Z] [ERROR] Rate limit exceeded. Maximum 5 requests per minute. Retry after 292 seconds.
{
  "statusCode": 429,
  "errorCode": "RATE_LIMIT_EXCEEDED",
  "userId": "69ba2ebd4834ce594366687b",
  "path": "/api/claim/auto",
  "method": "POST",
  "ip": "::1",
  "stack": "Error: Rate limit exceeded. Maximum 5 requests per minute. Retry after 292 seconds.\n    at rateLimiterClaimAuto (D:\\ctkmani\\ctkmani\\server\\middleware\\rateLimiter.js:82:19)\n    at Layer.handle [as handle_request] (D:\\ctkmani\\ctkmani\\server\\node_modules\\express\\lib\\router\\layer.js:95:5)\n    at next (D:\\ctkmani\\ctkmani\\server\\node_modules\\express\\lib\\router\\route.js:149:13)\n    at required (D:\\ctkmani\\ctkmani\\server\\middleware\\authMiddleware.js:32:7)\n    at process.processTicksAndRejections (node:internal/process/task_queues:105:5)"
}
---
[2026-04-03T14:59:48.895Z] [DEBUG] Weather cache hit
{
  "city": "srinagar",
  "cached": true
}
---
[2026-04-03T14:59:49.015Z] [DEBUG] Weather cache hit
{
  "city": "srinagar",
  "cached": true
}
---
[2026-04-03T14:59:49.159Z] [DEBUG] Claims retrieved
{
  "userId": "69ba2ebd4834ce594366687b",
  "count": 12
}
---
[2026-04-03T14:59:49.260Z] [DEBUG] Claims retrieved
{
  "userId": "69ba2ebd4834ce594366687b",
  "count": 12
}
---
[2026-04-03T14:59:49.317Z] [DEBUG] Weather cache hit
{
  "city": "srinagar",
  "cached": true
}
---
[2026-04-03T14:59:49.401Z] [DEBUG] Weather cache hit
{
  "city": "srinagar",
  "cached": true
}
---
[2026-04-03T14:59:49.402Z] [DEBUG] Forecast cache hit
{
  "city": "srinagar",
  "cached": true
}
---
[2026-04-03T14:59:49.472Z] [DEBUG] Weather cache hit
{
  "city": "srinagar",
  "cached": true
}
---
[2026-04-03T14:59:49.759Z] [DEBUG] Weather cache hit
{
  "city": "srinagar",
  "cached": true
}
---
[2026-04-03T14:59:49.760Z] [DEBUG] Forecast cache hit
{
  "city": "srinagar",
  "cached": true
}
---
[2026-04-03T15:00:08.334Z] [DEBUG] Forecast cache hit
{
  "city": "srinagar",
  "cached": true
}
---
[2026-04-03T15:00:08.445Z] [DEBUG] Weather cache hit
{
  "city": "srinagar",
  "cached": true
}
---
[2026-04-03T15:00:08.446Z] [DEBUG] Forecast cache hit
{
  "city": "srinagar",
  "cached": true
}
---
[2026-04-03T15:00:13.599Z] [WARN] Fraud check: RATE_LIMIT_EXCEEDED
{
  "userId": "69ba2ebd4834ce594366687b",
  "result": true,
  "reason": "User exceeded 5 requests/min. Retry after 267s"
}
---
[2026-04-03T15:00:13.600Z] [ERROR] Rate limit exceeded. Maximum 5 requests per minute. Retry after 267 seconds.
{
  "statusCode": 429,
  "errorCode": "RATE_LIMIT_EXCEEDED",
  "userId": "69ba2ebd4834ce594366687b",
  "path": "/api/claim/auto",
  "method": "POST",
  "ip": "::1",
  "stack": "Error: Rate limit exceeded. Maximum 5 requests per minute. Retry after 267 seconds.\n    at rateLimiterClaimAuto (D:\\ctkmani\\ctkmani\\server\\middleware\\rateLimiter.js:82:19)\n    at Layer.handle [as handle_request] (D:\\ctkmani\\ctkmani\\server\\node_modules\\express\\lib\\router\\layer.js:95:5)\n    at next (D:\\ctkmani\\ctkmani\\server\\node_modules\\express\\lib\\router\\route.js:149:13)\n    at required (D:\\ctkmani\\ctkmani\\server\\middleware\\authMiddleware.js:32:7)\n    at process.processTicksAndRejections (node:internal/process/task_queues:105:5)"
}
---
[2026-04-03T15:00:13.614Z] [WARN] Fraud check: RATE_LIMIT_EXCEEDED
{
  "userId": "69ba2ebd4834ce594366687b",
  "result": true,
  "reason": "User exceeded 5 requests/min. Retry after 267s"
}
---
[2026-04-03T15:00:13.618Z] [ERROR] Rate limit exceeded. Maximum 5 requests per minute. Retry after 267 seconds.
{
  "statusCode": 429,
  "errorCode": "RATE_LIMIT_EXCEEDED",
  "userId": "69ba2ebd4834ce594366687b",
  "path": "/api/claim/auto",
  "method": "POST",
  "ip": "::1",
  "stack": "Error: Rate limit exceeded. Maximum 5 requests per minute. Retry after 267 seconds.\n    at rateLimiterClaimAuto (D:\\ctkmani\\ctkmani\\server\\middleware\\rateLimiter.js:82:19)\n    at Layer.handle [as handle_request] (D:\\ctkmani\\ctkmani\\server\\node_modules\\express\\lib\\router\\layer.js:95:5)\n    at next (D:\\ctkmani\\ctkmani\\server\\node_modules\\express\\lib\\router\\route.js:149:13)\n    at required (D:\\ctkmani\\ctkmani\\server\\middleware\\authMiddleware.js:32:7)\n    at process.processTicksAndRejections (node:internal/process/task_queues:105:5)"
}
---
[2026-04-03T15:00:17.940Z] [WARN] Fraud check: RATE_LIMIT_EXCEEDED
{
  "userId": "69ba2ebd4834ce594366687b",
  "result": true,
  "reason": "User exceeded 5 requests/min. Retry after 263s"
}
---
[2026-04-03T15:00:17.943Z] [ERROR] Rate limit exceeded. Maximum 5 requests per minute. Retry after 263 seconds.
{
  "statusCode": 429,
  "errorCode": "RATE_LIMIT_EXCEEDED",
  "userId": "69ba2ebd4834ce594366687b",
  "path": "/api/claim/auto",
  "method": "POST",
  "ip": "::1",
  "stack": "Error: Rate limit exceeded. Maximum 5 requests per minute. Retry after 263 seconds.\n    at rateLimiterClaimAuto (D:\\ctkmani\\ctkmani\\server\\middleware\\rateLimiter.js:82:19)\n    at Layer.handle [as handle_request] (D:\\ctkmani\\ctkmani\\server\\node_modules\\express\\lib\\router\\layer.js:95:5)\n    at next (D:\\ctkmani\\ctkmani\\server\\node_modules\\express\\lib\\router\\route.js:149:13)\n    at required (D:\\ctkmani\\ctkmani\\server\\middleware\\authMiddleware.js:32:7)\n    at process.processTicksAndRejections (node:internal/process/task_queues:105:5)"
}
---
[2026-04-03T15:00:40.267Z] [ERROR] User validation failed: password: Path `password` (`9866`, length 4) is shorter than the minimum allowed length (6).
{
  "statusCode": 500,
  "errorCode": "INTERNAL_SERVER_ERROR",
  "path": "/api/auth/register",
  "method": "POST",
  "ip": "::1",
  "stack": "ValidationError: User validation failed: password: Path `password` (`9866`, length 4) is shorter than the minimum allowed length (6).\n    at Document.invalidate (D:\\ctkmani\\ctkmani\\server\\node_modules\\mongoose\\lib\\document.js:3381:32)\n    at D:\\ctkmani\\ctkmani\\server\\node_modules\\mongoose\\lib\\document.js:3142:17\n    at D:\\ctkmani\\ctkmani\\server\\node_modules\\mongoose\\lib\\schemaType.js:1446:9\n    at process.processTicksAndRejections (node:internal/process/task_queues:85:11)"
}
---
[2026-04-03T15:00:57.614Z] [DEBUG] Fetching 5-day forecast from API
{
  "city": "Bangalore"
}
---
[2026-04-03T15:00:57.771Z] [INFO] 5-day forecast fetched successfully
{
  "city": "Bangalore",
  "forecastItems": 40
}
---
[2026-04-03T15:00:57.943Z] [DEBUG] Forecast cache hit
{
  "city": "Bangalore",
  "cached": true
}
---
[2026-04-03T15:00:58.005Z] [INFO] Claim auto request received
{
  "userId": "69cfd61ec1802c37967b5f89",
  "ip": "::1",
  "timestamp": "2026-04-03T15:00:58.004Z"
}
---
[2026-04-03T15:00:58.054Z] [ERROR] Claim automation failed
{
  "userId": "69cfd61ec1802c37967b5f89",
  "error": "Profile incomplete",
  "errorCode": "PARTNER_PROFILE_INCOMPLETE",
  "statusCode": 400
}
---
[2026-04-03T15:00:58.056Z] [ERROR] Profile incomplete
{
  "statusCode": 400,
  "errorCode": "PARTNER_PROFILE_INCOMPLETE",
  "userId": "69cfd61ec1802c37967b5f89",
  "path": "/api/claim/auto",
  "method": "POST",
  "ip": "::1",
  "stack": "Error: Profile incomplete\n    at validateUserProfile (D:\\ctkmani\\ctkmani\\server\\utils\\claimValidator.js:25:17)\n    at evaluateClaimEligibility (D:\\ctkmani\\ctkmani\\server\\services\\claimService.js:216:16)\n    at process.processTicksAndRejections (node:internal/process/task_queues:105:5)\n    at async autoClaim (D:\\ctkmani\\ctkmani\\server\\controllers\\claimController.js:28:20)"
}
---
[2026-04-03T15:00:58.173Z] [DEBUG] Claims retrieved
{
  "userId": "69cfd61ec1802c37967b5f89",
  "count": 0
}
---
[2026-04-03T15:00:58.184Z] [INFO] Claim auto request received
{
  "userId": "69cfd61ec1802c37967b5f89",
  "ip": "::1",
  "timestamp": "2026-04-03T15:00:58.184Z"
}
---
[2026-04-03T15:00:58.235Z] [DEBUG] Fetching current weather from API
{
  "city": "Bangalore"
}
---
[2026-04-03T15:00:58.241Z] [ERROR] Claim automation failed
{
  "userId": "69cfd61ec1802c37967b5f89",
  "error": "Profile incomplete",
  "errorCode": "PARTNER_PROFILE_INCOMPLETE",
  "statusCode": 400
}
---
[2026-04-03T15:00:58.244Z] [ERROR] Profile incomplete
{
  "statusCode": 400,
  "errorCode": "PARTNER_PROFILE_INCOMPLETE",
  "userId": "69cfd61ec1802c37967b5f89",
  "path": "/api/claim/auto",
  "method": "POST",
  "ip": "::1",
  "stack": "Error: Profile incomplete\n    at validateUserProfile (D:\\ctkmani\\ctkmani\\server\\utils\\claimValidator.js:25:17)\n    at evaluateClaimEligibility (D:\\ctkmani\\ctkmani\\server\\services\\claimService.js:216:16)\n    at process.processTicksAndRejections (node:internal/process/task_queues:105:5)\n    at async autoClaim (D:\\ctkmani\\ctkmani\\server\\controllers\\claimController.js:28:20)"
}
---
[2026-04-03T15:00:58.292Z] [INFO] Current weather fetched successfully
{
  "city": "Bangalore",
  "temp": 30.69,
  "condition": "Clouds"
}
---
[2026-04-03T15:00:58.391Z] [DEBUG] Claims retrieved
{
  "userId": "69cfd61ec1802c37967b5f89",
  "count": 0
}
---
[2026-04-03T15:00:58.429Z] [DEBUG] Weather cache hit
{
  "city": "Bangalore",
  "cached": true
}
---
[2026-04-03T15:00:58.436Z] [DEBUG] Weather cache hit
{
  "city": "Bangalore",
  "cached": true
}
---
[2026-04-03T15:00:58.618Z] [DEBUG] Weather cache hit
{
  "city": "Bangalore",
  "cached": true
}
---
[2026-04-03T15:01:24.947Z] [DEBUG] Forecast cache hit
{
  "city": "Bangalore",
  "cached": true
}
---
[2026-04-03T15:01:25.103Z] [DEBUG] Forecast cache hit
{
  "city": "Bangalore",
  "cached": true
}
---
[2026-04-03T15:01:25.200Z] [INFO] Claim auto request received
{
  "userId": "69cfd61ec1802c37967b5f89",
  "ip": "::1",
  "timestamp": "2026-04-03T15:01:25.199Z"
}
---
[2026-04-03T15:01:25.257Z] [ERROR] Claim automation failed
{
  "userId": "69cfd61ec1802c37967b5f89",
  "error": "Profile incomplete",
  "errorCode": "PARTNER_PROFILE_INCOMPLETE",
  "statusCode": 400
}
---
[2026-04-03T15:01:25.258Z] [ERROR] Profile incomplete
{
  "statusCode": 400,
  "errorCode": "PARTNER_PROFILE_INCOMPLETE",
  "userId": "69cfd61ec1802c37967b5f89",
  "path": "/api/claim/auto",
  "method": "POST",
  "ip": "::1",
  "stack": "Error: Profile incomplete\n    at validateUserProfile (D:\\ctkmani\\ctkmani\\server\\utils\\claimValidator.js:25:17)\n    at evaluateClaimEligibility (D:\\ctkmani\\ctkmani\\server\\services\\claimService.js:216:16)\n    at process.processTicksAndRejections (node:internal/process/task_queues:105:5)\n    at async autoClaim (D:\\ctkmani\\ctkmani\\server\\controllers\\claimController.js:28:20)"
}
---
[2026-04-03T15:01:25.369Z] [INFO] Claim auto request received
{
  "userId": "69cfd61ec1802c37967b5f89",
  "ip": "::1",
  "timestamp": "2026-04-03T15:01:25.368Z"
}
---
[2026-04-03T15:01:25.392Z] [DEBUG] Claims retrieved
{
  "userId": "69cfd61ec1802c37967b5f89",
  "count": 0
}
---
[2026-04-03T15:01:25.400Z] [DEBUG] Weather cache hit
{
  "city": "Bangalore",
  "cached": true
}
---
[2026-04-03T15:01:25.419Z] [ERROR] Claim automation failed
{
  "userId": "69cfd61ec1802c37967b5f89",
  "error": "Profile incomplete",
  "errorCode": "PARTNER_PROFILE_INCOMPLETE",
  "statusCode": 400
}
---
[2026-04-03T15:01:25.426Z] [ERROR] Profile incomplete
{
  "statusCode": 400,
  "errorCode": "PARTNER_PROFILE_INCOMPLETE",
  "userId": "69cfd61ec1802c37967b5f89",
  "path": "/api/claim/auto",
  "method": "POST",
  "ip": "::1",
  "stack": "Error: Profile incomplete\n    at validateUserProfile (D:\\ctkmani\\ctkmani\\server\\utils\\claimValidator.js:25:17)\n    at evaluateClaimEligibility (D:\\ctkmani\\ctkmani\\server\\services\\claimService.js:216:16)\n    at process.processTicksAndRejections (node:internal/process/task_queues:105:5)\n    at async autoClaim (D:\\ctkmani\\ctkmani\\server\\controllers\\claimController.js:28:20)"
}
---
[2026-04-03T15:01:25.554Z] [DEBUG] Claims retrieved
{
  "userId": "69cfd61ec1802c37967b5f89",
  "count": 0
}
---
[2026-04-03T15:01:25.560Z] [DEBUG] Weather cache hit
{
  "city": "Bangalore",
  "cached": true
}
---
[2026-04-03T15:01:25.583Z] [DEBUG] Weather cache hit
{
  "city": "Bangalore",
  "cached": true
}
---
[2026-04-03T15:01:25.737Z] [DEBUG] Weather cache hit
{
  "city": "Bangalore",
  "cached": true
}
---
[2026-04-03T15:01:34.952Z] [INFO] Claim auto request received
{
  "userId": "69cfd61ec1802c37967b5f89",
  "ip": "::1",
  "timestamp": "2026-04-03T15:01:34.952Z"
}
---
[2026-04-03T15:01:34.962Z] [WARN] Fraud check: RATE_LIMIT_EXCEEDED
{
  "userId": "69cfd61ec1802c37967b5f89",
  "result": true,
  "reason": "User exceeded 5 requests/min. Retry after 264s"
}
---
[2026-04-03T15:01:34.964Z] [ERROR] Rate limit exceeded. Maximum 5 requests per minute. Retry after 264 seconds.
{
  "statusCode": 429,
  "errorCode": "RATE_LIMIT_EXCEEDED",
  "userId": "69cfd61ec1802c37967b5f89",
  "path": "/api/claim/auto",
  "method": "POST",
  "ip": "::1",
  "stack": "Error: Rate limit exceeded. Maximum 5 requests per minute. Retry after 264 seconds.\n    at rateLimiterClaimAuto (D:\\ctkmani\\ctkmani\\server\\middleware\\rateLimiter.js:82:19)\n    at Layer.handle [as handle_request] (D:\\ctkmani\\ctkmani\\server\\node_modules\\express\\lib\\router\\layer.js:95:5)\n    at next (D:\\ctkmani\\ctkmani\\server\\node_modules\\express\\lib\\router\\route.js:149:13)\n    at required (D:\\ctkmani\\ctkmani\\server\\middleware\\authMiddleware.js:32:7)\n    at process.processTicksAndRejections (node:internal/process/task_queues:105:5)"
}
---
[2026-04-03T15:01:35.000Z] [ERROR] Claim automation failed
{
  "userId": "69cfd61ec1802c37967b5f89",
  "error": "Profile incomplete",
  "errorCode": "PARTNER_PROFILE_INCOMPLETE",
  "statusCode": 400
}
---
[2026-04-03T15:01:35.004Z] [ERROR] Profile incomplete
{
  "statusCode": 400,
  "errorCode": "PARTNER_PROFILE_INCOMPLETE",
  "userId": "69cfd61ec1802c37967b5f89",
  "path": "/api/claim/auto",
  "method": "POST",
  "ip": "::1",
  "stack": "Error: Profile incomplete\n    at validateUserProfile (D:\\ctkmani\\ctkmani\\server\\utils\\claimValidator.js:25:17)\n    at evaluateClaimEligibility (D:\\ctkmani\\ctkmani\\server\\services\\claimService.js:216:16)\n    at process.processTicksAndRejections (node:internal/process/task_queues:105:5)\n    at async autoClaim (D:\\ctkmani\\ctkmani\\server\\controllers\\claimController.js:28:20)"
}
---
[2026-04-03T15:01:38.365Z] [WARN] Fraud check: RATE_LIMIT_EXCEEDED
{
  "userId": "69cfd61ec1802c37967b5f89",
  "result": true,
  "reason": "User exceeded 5 requests/min. Retry after 260s"
}
---
[2026-04-03T15:01:38.366Z] [ERROR] Rate limit exceeded. Maximum 5 requests per minute. Retry after 260 seconds.
{
  "statusCode": 429,
  "errorCode": "RATE_LIMIT_EXCEEDED",
  "userId": "69cfd61ec1802c37967b5f89",
  "path": "/api/claim/auto",
  "method": "POST",
  "ip": "::1",
  "stack": "Error: Rate limit exceeded. Maximum 5 requests per minute. Retry after 260 seconds.\n    at rateLimiterClaimAuto (D:\\ctkmani\\ctkmani\\server\\middleware\\rateLimiter.js:82:19)\n    at Layer.handle [as handle_request] (D:\\ctkmani\\ctkmani\\server\\node_modules\\express\\lib\\router\\layer.js:95:5)\n    at next (D:\\ctkmani\\ctkmani\\server\\node_modules\\express\\lib\\router\\route.js:149:13)\n    at required (D:\\ctkmani\\ctkmani\\server\\middleware\\authMiddleware.js:32:7)\n    at process.processTicksAndRejections (node:internal/process/task_queues:105:5)"
}
---
[2026-04-03T15:01:38.379Z] [WARN] Fraud check: RATE_LIMIT_EXCEEDED
{
  "userId": "69cfd61ec1802c37967b5f89",
  "result": true,
  "reason": "User exceeded 5 requests/min. Retry after 260s"
}
---
[2026-04-03T15:01:38.381Z] [ERROR] Rate limit exceeded. Maximum 5 requests per minute. Retry after 260 seconds.
{
  "statusCode": 429,
  "errorCode": "RATE_LIMIT_EXCEEDED",
  "userId": "69cfd61ec1802c37967b5f89",
  "path": "/api/claim/auto",
  "method": "POST",
  "ip": "::1",
  "stack": "Error: Rate limit exceeded. Maximum 5 requests per minute. Retry after 260 seconds.\n    at rateLimiterClaimAuto (D:\\ctkmani\\ctkmani\\server\\middleware\\rateLimiter.js:82:19)\n    at Layer.handle [as handle_request] (D:\\ctkmani\\ctkmani\\server\\node_modules\\express\\lib\\router\\layer.js:95:5)\n    at next (D:\\ctkmani\\ctkmani\\server\\node_modules\\express\\lib\\router\\route.js:149:13)\n    at required (D:\\ctkmani\\ctkmani\\server\\middleware\\authMiddleware.js:32:7)\n    at process.processTicksAndRejections (node:internal/process/task_queues:105:5)"
}
---
[2026-04-03T15:01:41.311Z] [DEBUG] Forecast cache hit
{
  "city": "Bangalore",
  "cached": true
}
---
[2026-04-03T15:01:41.473Z] [DEBUG] Forecast cache hit
{
  "city": "Bangalore",
  "cached": true
}
---
[2026-04-03T15:01:41.573Z] [WARN] Fraud check: RATE_LIMIT_EXCEEDED
{
  "userId": "69cfd61ec1802c37967b5f89",
  "result": true,
  "reason": "User exceeded 5 requests/min. Retry after 257s"
}
---
[2026-04-03T15:01:41.575Z] [ERROR] Rate limit exceeded. Maximum 5 requests per minute. Retry after 257 seconds.
{
  "statusCode": 429,
  "errorCode": "RATE_LIMIT_EXCEEDED",
  "userId": "69cfd61ec1802c37967b5f89",
  "path": "/api/claim/auto",
  "method": "POST",
  "ip": "::1",
  "stack": "Error: Rate limit exceeded. Maximum 5 requests per minute. Retry after 257 seconds.\n    at rateLimiterClaimAuto (D:\\ctkmani\\ctkmani\\server\\middleware\\rateLimiter.js:82:19)\n    at Layer.handle [as handle_request] (D:\\ctkmani\\ctkmani\\server\\node_modules\\express\\lib\\router\\layer.js:95:5)\n    at next (D:\\ctkmani\\ctkmani\\server\\node_modules\\express\\lib\\router\\route.js:149:13)\n    at required (D:\\ctkmani\\ctkmani\\server\\middleware\\authMiddleware.js:32:7)\n    at process.processTicksAndRejections (node:internal/process/task_queues:105:5)"
}
---
[2026-04-03T15:01:41.690Z] [WARN] Fraud check: RATE_LIMIT_EXCEEDED
{
  "userId": "69cfd61ec1802c37967b5f89",
  "result": true,
  "reason": "User exceeded 5 requests/min. Retry after 257s"
}
---
[2026-04-03T15:01:41.692Z] [ERROR] Rate limit exceeded. Maximum 5 requests per minute. Retry after 257 seconds.
{
  "statusCode": 429,
  "errorCode": "RATE_LIMIT_EXCEEDED",
  "userId": "69cfd61ec1802c37967b5f89",
  "path": "/api/claim/auto",
  "method": "POST",
  "ip": "::1",
  "stack": "Error: Rate limit exceeded. Maximum 5 requests per minute. Retry after 257 seconds.\n    at rateLimiterClaimAuto (D:\\ctkmani\\ctkmani\\server\\middleware\\rateLimiter.js:82:19)\n    at Layer.handle [as handle_request] (D:\\ctkmani\\ctkmani\\server\\node_modules\\express\\lib\\router\\layer.js:95:5)\n    at next (D:\\ctkmani\\ctkmani\\server\\node_modules\\express\\lib\\router\\route.js:149:13)\n    at required (D:\\ctkmani\\ctkmani\\server\\middleware\\authMiddleware.js:32:7)\n    at process.processTicksAndRejections (node:internal/process/task_queues:105:5)"
}
---
[2026-04-03T15:01:41.704Z] [DEBUG] Claims retrieved
{
  "userId": "69cfd61ec1802c37967b5f89",
  "count": 0
}
---
[2026-04-03T15:01:41.728Z] [DEBUG] Weather cache hit
{
  "city": "Bangalore",
  "cached": true
}
---
[2026-04-03T15:01:41.819Z] [DEBUG] Claims retrieved
{
  "userId": "69cfd61ec1802c37967b5f89",
  "count": 0
}
---
[2026-04-03T15:01:41.845Z] [DEBUG] Weather cache hit
{
  "city": "Bangalore",
  "cached": true
}
---
[2026-04-03T15:01:41.849Z] [DEBUG] Weather cache hit
{
  "city": "Bangalore",
  "cached": true
}
---
[2026-04-03T15:01:41.997Z] [DEBUG] Weather cache hit
{
  "city": "Bangalore",
  "cached": true
}
---
[2026-04-03T15:02:02.653Z] [DEBUG] Fetching 5-day forecast from API
{
  "city": "srinagar"
}
---
[2026-04-03T15:02:02.814Z] [INFO] 5-day forecast fetched successfully
{
  "city": "srinagar",
  "forecastItems": 40
}
---
[2026-04-03T15:02:02.934Z] [DEBUG] Fetching current weather from API
{
  "city": "srinagar"
}
---
[2026-04-03T15:02:02.938Z] [DEBUG] Forecast cache hit
{
  "city": "srinagar",
  "cached": true
}
---
[2026-04-03T15:02:02.982Z] [INFO] Current weather fetched successfully
{
  "city": "srinagar",
  "temp": 10.88,
  "condition": "Clouds"
}
---
[2026-04-03T15:02:33.892Z] [INFO] Claim auto request received
{
  "userId": "69cfd61ec1802c37967b5f89",
  "ip": "::1",
  "timestamp": "2026-04-03T15:02:33.891Z"
}
---
[2026-04-03T15:02:33.898Z] [INFO] Claim auto request received
{
  "userId": "69cfd61ec1802c37967b5f89",
  "ip": "::1",
  "timestamp": "2026-04-03T15:02:33.897Z"
}
---
[2026-04-03T15:02:33.928Z] [DEBUG] Weather cache hit
{
  "city": "srinagar",
  "cached": true
}
---
[2026-04-03T15:02:33.946Z] [DEBUG] Weather cache hit
{
  "city": "srinagar",
  "cached": true
}
---
[2026-04-03T15:02:34.084Z] [INFO] Claim eligibility evaluated
{
  "userId": "69cfd61ec1802c37967b5f89",
  "city": "srinagar",
  "rain": 0,
  "threshold": 10,
  "decision": "NOT_ELIGIBLE",
  "status": "not_eligible"
}
---
[2026-04-03T15:02:34.086Z] [INFO] Claim automation completed successfully
{
  "userId": "69cfd61ec1802c37967b5f89",
  "city": "srinagar",
  "rainMm": 0,
  "claimCreated": true,
  "claimDecision": "not_eligible"
}
---
[2026-04-03T15:02:34.196Z] [INFO] Claim eligibility evaluated
{
  "userId": "69cfd61ec1802c37967b5f89",
  "city": "srinagar",
  "rain": 0,
  "threshold": 10,
  "decision": "NOT_ELIGIBLE",
  "status": "not_eligible"
}
---
[2026-04-03T15:02:34.197Z] [INFO] Claim automation completed successfully
{
  "userId": "69cfd61ec1802c37967b5f89",
  "city": "srinagar",
  "rainMm": 0,
  "claimCreated": true,
  "claimDecision": "not_eligible"
}
---
[2026-04-03T15:02:34.204Z] [DEBUG] Claims retrieved
{
  "userId": "69cfd61ec1802c37967b5f89",
  "count": 1
}
---
[2026-04-03T15:02:34.288Z] [DEBUG] Claims retrieved
{
  "userId": "69cfd61ec1802c37967b5f89",
  "count": 1
}
---
[2026-04-03T15:02:38.205Z] [INFO] Claim auto request received
{
  "userId": "69cfd61ec1802c37967b5f89",
  "ip": "::1",
  "timestamp": "2026-04-03T15:02:38.201Z"
}
---
[2026-04-03T15:02:38.243Z] [INFO] Claim auto request received
{
  "userId": "69cfd61ec1802c37967b5f89",
  "ip": "::1",
  "timestamp": "2026-04-03T15:02:38.241Z"
}
---
[2026-04-03T15:02:38.275Z] [DEBUG] Weather cache hit
{
  "city": "srinagar",
  "cached": true
}
---
[2026-04-03T15:02:38.312Z] [DEBUG] Weather cache hit
{
  "city": "srinagar",
  "cached": true
}
---
[2026-04-03T15:02:38.582Z] [INFO] Claim eligibility evaluated
{
  "userId": "69cfd61ec1802c37967b5f89",
  "city": "srinagar",
  "rain": 0,
  "threshold": 10,
  "decision": "NOT_ELIGIBLE",
  "status": "not_eligible"
}
---
[2026-04-03T15:02:38.584Z] [INFO] Claim automation completed successfully
{
  "userId": "69cfd61ec1802c37967b5f89",
  "city": "srinagar",
  "rainMm": 0,
  "claimCreated": true,
  "claimDecision": "not_eligible"
}
---
[2026-04-03T15:02:38.684Z] [INFO] Claim eligibility evaluated
{
  "userId": "69cfd61ec1802c37967b5f89",
  "city": "srinagar",
  "rain": 0,
  "threshold": 10,
  "decision": "NOT_ELIGIBLE",
  "status": "not_eligible"
}
---
[2026-04-03T15:02:38.686Z] [INFO] Claim automation completed successfully
{
  "userId": "69cfd61ec1802c37967b5f89",
  "city": "srinagar",
  "rainMm": 0,
  "claimCreated": true,
  "claimDecision": "not_eligible"
}
---
[2026-04-03T15:02:38.776Z] [DEBUG] Claims retrieved
{
  "userId": "69cfd61ec1802c37967b5f89",
  "count": 1
}
---
[2026-04-03T15:02:38.899Z] [DEBUG] Claims retrieved
{
  "userId": "69cfd61ec1802c37967b5f89",
  "count": 1
}
---
[2026-04-03T15:02:43.137Z] [INFO] Claim auto request received
{
  "userId": "69cfd61ec1802c37967b5f89",
  "ip": "::1",
  "timestamp": "2026-04-03T15:02:43.136Z"
}
---
[2026-04-03T15:02:43.192Z] [DEBUG] Weather cache hit
{
  "city": "srinagar",
  "cached": true
}
---
[2026-04-03T15:02:43.411Z] [INFO] Claim eligibility evaluated
{
  "userId": "69cfd61ec1802c37967b5f89",
  "city": "srinagar",
  "rain": 0,
  "threshold": 10,
  "decision": "NOT_ELIGIBLE",
  "status": "not_eligible"
}
---
[2026-04-03T15:02:43.412Z] [INFO] Claim automation completed successfully
{
  "userId": "69cfd61ec1802c37967b5f89",
  "city": "srinagar",
  "rainMm": 0,
  "claimCreated": true,
  "claimDecision": "not_eligible"
}
---
[2026-04-03T15:02:43.487Z] [WARN] Fraud check: RATE_LIMIT_EXCEEDED
{
  "userId": "69cfd61ec1802c37967b5f89",
  "result": true,
  "reason": "User exceeded 5 requests/min. Retry after 291s"
}
---
[2026-04-03T15:02:43.488Z] [ERROR] Rate limit exceeded. Maximum 5 requests per minute. Retry after 291 seconds.
{
  "statusCode": 429,
  "errorCode": "RATE_LIMIT_EXCEEDED",
  "userId": "69cfd61ec1802c37967b5f89",
  "path": "/api/claim/auto",
  "method": "POST",
  "ip": "::1",
  "stack": "Error: Rate limit exceeded. Maximum 5 requests per minute. Retry after 291 seconds.\n    at rateLimiterClaimAuto (D:\\ctkmani\\ctkmani\\server\\middleware\\rateLimiter.js:82:19)\n    at Layer.handle [as handle_request] (D:\\ctkmani\\ctkmani\\server\\node_modules\\express\\lib\\router\\layer.js:95:5)\n    at next (D:\\ctkmani\\ctkmani\\server\\node_modules\\express\\lib\\router\\route.js:149:13)\n    at required (D:\\ctkmani\\ctkmani\\server\\middleware\\authMiddleware.js:32:7)\n    at process.processTicksAndRejections (node:internal/process/task_queues:105:5)"
}
---
[2026-04-03T15:02:48.395Z] [DEBUG] Forecast cache hit
{
  "city": "srinagar",
  "cached": true
}
---
[2026-04-03T15:02:48.571Z] [DEBUG] Forecast cache hit
{
  "city": "srinagar",
  "cached": true
}
---
[2026-04-03T15:02:48.576Z] [WARN] Fraud check: RATE_LIMIT_EXCEEDED
{
  "userId": "69cfd61ec1802c37967b5f89",
  "result": true,
  "reason": "User exceeded 5 requests/min. Retry after 286s"
}
---
[2026-04-03T15:02:48.578Z] [ERROR] Rate limit exceeded. Maximum 5 requests per minute. Retry after 286 seconds.
{
  "statusCode": 429,
  "errorCode": "RATE_LIMIT_EXCEEDED",
  "userId": "69cfd61ec1802c37967b5f89",
  "path": "/api/claim/auto",
  "method": "POST",
  "ip": "::1",
  "stack": "Error: Rate limit exceeded. Maximum 5 requests per minute. Retry after 286 seconds.\n    at rateLimiterClaimAuto (D:\\ctkmani\\ctkmani\\server\\middleware\\rateLimiter.js:82:19)\n    at Layer.handle [as handle_request] (D:\\ctkmani\\ctkmani\\server\\node_modules\\express\\lib\\router\\layer.js:95:5)\n    at next (D:\\ctkmani\\ctkmani\\server\\node_modules\\express\\lib\\router\\route.js:149:13)\n    at required (D:\\ctkmani\\ctkmani\\server\\middleware\\authMiddleware.js:32:7)\n    at process.processTicksAndRejections (node:internal/process/task_queues:105:5)"
}
---
[2026-04-03T15:02:48.702Z] [DEBUG] Weather cache hit
{
  "city": "srinagar",
  "cached": true
}
---
[2026-04-03T15:02:48.708Z] [DEBUG] Claims retrieved
{
  "userId": "69cfd61ec1802c37967b5f89",
  "count": 1
}
---
[2026-04-03T15:02:48.819Z] [WARN] Fraud check: RATE_LIMIT_EXCEEDED
{
  "userId": "69cfd61ec1802c37967b5f89",
  "result": true,
  "reason": "User exceeded 5 requests/min. Retry after 286s"
}
---
[2026-04-03T15:02:48.820Z] [ERROR] Rate limit exceeded. Maximum 5 requests per minute. Retry after 286 seconds.
{
  "statusCode": 429,
  "errorCode": "RATE_LIMIT_EXCEEDED",
  "userId": "69cfd61ec1802c37967b5f89",
  "path": "/api/claim/auto",
  "method": "POST",
  "ip": "::1",
  "stack": "Error: Rate limit exceeded. Maximum 5 requests per minute. Retry after 286 seconds.\n    at rateLimiterClaimAuto (D:\\ctkmani\\ctkmani\\server\\middleware\\rateLimiter.js:82:19)\n    at Layer.handle [as handle_request] (D:\\ctkmani\\ctkmani\\server\\node_modules\\express\\lib\\router\\layer.js:95:5)\n    at next (D:\\ctkmani\\ctkmani\\server\\node_modules\\express\\lib\\router\\route.js:149:13)\n    at required (D:\\ctkmani\\ctkmani\\server\\middleware\\authMiddleware.js:32:7)\n    at process.processTicksAndRejections (node:internal/process/task_queues:105:5)"
}
---
[2026-04-03T15:02:48.876Z] [DEBUG] Weather cache hit
{
  "city": "srinagar",
  "cached": true
}
---
[2026-04-03T15:02:48.953Z] [DEBUG] Claims retrieved
{
  "userId": "69cfd61ec1802c37967b5f89",
  "count": 1
}
---
[2026-04-03T15:02:48.963Z] [DEBUG] Weather cache hit
{
  "city": "srinagar",
  "cached": true
}
---
[2026-04-03T15:02:48.966Z] [DEBUG] Forecast cache hit
{
  "city": "srinagar",
  "cached": true
}
---
[2026-04-03T15:02:49.003Z] [DEBUG] Weather cache hit
{
  "city": "srinagar",
  "cached": true
}
---
[2026-04-03T15:02:49.181Z] [DEBUG] Weather cache hit
{
  "city": "srinagar",
  "cached": true
}
---
[2026-04-03T15:02:49.250Z] [DEBUG] Weather cache hit
{
  "city": "srinagar",
  "cached": true
}
---
[2026-04-03T15:02:49.251Z] [DEBUG] Forecast cache hit
{
  "city": "srinagar",
  "cached": true
}
---
[2026-04-03T15:03:43.559Z] [INFO] Claim auto request received
{
  "userId": "69cfd61ec1802c37967b5f89",
  "ip": "::1",
  "timestamp": "2026-04-03T15:03:43.557Z"
}
---
[2026-04-03T15:03:43.592Z] [INFO] Claim auto request received
{
  "userId": "69cfd61ec1802c37967b5f89",
  "ip": "::1",
  "timestamp": "2026-04-03T15:03:43.590Z"
}
---
[2026-04-03T15:03:43.606Z] [DEBUG] Weather cache hit
{
  "city": "srinagar",
  "cached": true
}
---
[2026-04-03T15:03:43.648Z] [DEBUG] Weather cache hit
{
  "city": "srinagar",
  "cached": true
}
---
[2026-04-03T15:03:43.821Z] [INFO] Claim eligibility evaluated
{
  "userId": "69cfd61ec1802c37967b5f89",
  "city": "srinagar",
  "rain": 0,
  "threshold": 10,
  "decision": "NOT_ELIGIBLE",
  "status": "not_eligible"
}
---
[2026-04-03T15:03:43.823Z] [INFO] Claim automation completed successfully
{
  "userId": "69cfd61ec1802c37967b5f89",
  "city": "srinagar",
  "rainMm": 0,
  "claimCreated": true,
  "claimDecision": "not_eligible"
}
---
[2026-04-03T15:03:43.870Z] [INFO] Claim eligibility evaluated
{
  "userId": "69cfd61ec1802c37967b5f89",
  "city": "srinagar",
  "rain": 0,
  "threshold": 10,
  "decision": "NOT_ELIGIBLE",
  "status": "not_eligible"
}
---
[2026-04-03T15:03:43.871Z] [INFO] Claim automation completed successfully
{
  "userId": "69cfd61ec1802c37967b5f89",
  "city": "srinagar",
  "rainMm": 0,
  "claimCreated": true,
  "claimDecision": "not_eligible"
}
---
[2026-04-03T15:03:43.942Z] [DEBUG] Claims retrieved
{
  "userId": "69cfd61ec1802c37967b5f89",
  "count": 1
}
---
[2026-04-03T15:03:44.243Z] [DEBUG] Claims retrieved
{
  "userId": "69cfd61ec1802c37967b5f89",
  "count": 1
}
---
[2026-04-03T15:03:48.886Z] [INFO] Claim auto request received
{
  "userId": "69cfd61ec1802c37967b5f89",
  "ip": "::1",
  "timestamp": "2026-04-03T15:03:48.886Z"
}
---
[2026-04-03T15:03:48.934Z] [DEBUG] Weather cache hit
{
  "city": "srinagar",
  "cached": true
}
---
[2026-04-03T15:03:49.133Z] [INFO] Claim eligibility evaluated
{
  "userId": "69cfd61ec1802c37967b5f89",
  "city": "srinagar",
  "rain": 0,
  "threshold": 10,
  "decision": "NOT_ELIGIBLE",
  "status": "not_eligible"
}
---
[2026-04-03T15:03:49.134Z] [INFO] Claim automation completed successfully
{
  "userId": "69cfd61ec1802c37967b5f89",
  "city": "srinagar",
  "rainMm": 0,
  "claimCreated": true,
  "claimDecision": "not_eligible"
}
---
[2026-04-03T15:03:49.197Z] [INFO] Claim auto request received
{
  "userId": "69cfd61ec1802c37967b5f89",
  "ip": "::1",
  "timestamp": "2026-04-03T15:03:49.197Z"
}
---
[2026-04-03T15:03:49.245Z] [DEBUG] Weather cache hit
{
  "city": "srinagar",
  "cached": true
}
---
[2026-04-03T15:03:49.442Z] [INFO] Claim eligibility evaluated
{
  "userId": "69cfd61ec1802c37967b5f89",
  "city": "srinagar",
  "rain": 0,
  "threshold": 10,
  "decision": "NOT_ELIGIBLE",
  "status": "not_eligible"
}
---
[2026-04-03T15:03:49.443Z] [INFO] Claim automation completed successfully
{
  "userId": "69cfd61ec1802c37967b5f89",
  "city": "srinagar",
  "rainMm": 0,
  "claimCreated": true,
  "claimDecision": "not_eligible"
}
---
[2026-04-03T15:03:49.562Z] [DEBUG] Claims retrieved
{
  "userId": "69cfd61ec1802c37967b5f89",
  "count": 1
}
---
[2026-04-03T15:03:52.955Z] [INFO] Claim auto request received
{
  "userId": "69cfd61ec1802c37967b5f89",
  "ip": "::1",
  "timestamp": "2026-04-03T15:03:52.955Z"
}
---
[2026-04-03T15:03:52.962Z] [WARN] Fraud check: RATE_LIMIT_EXCEEDED
{
  "userId": "69cfd61ec1802c37967b5f89",
  "result": true,
  "reason": "User exceeded 5 requests/min. Retry after 291s"
}
---
[2026-04-03T15:03:52.965Z] [ERROR] Rate limit exceeded. Maximum 5 requests per minute. Retry after 291 seconds.
{
  "statusCode": 429,
  "errorCode": "RATE_LIMIT_EXCEEDED",
  "userId": "69cfd61ec1802c37967b5f89",
  "path": "/api/claim/auto",
  "method": "POST",
  "ip": "::1",
  "stack": "Error: Rate limit exceeded. Maximum 5 requests per minute. Retry after 291 seconds.\n    at rateLimiterClaimAuto (D:\\ctkmani\\ctkmani\\server\\middleware\\rateLimiter.js:82:19)\n    at Layer.handle [as handle_request] (D:\\ctkmani\\ctkmani\\server\\node_modules\\express\\lib\\router\\layer.js:95:5)\n    at next (D:\\ctkmani\\ctkmani\\server\\node_modules\\express\\lib\\router\\route.js:149:13)\n    at required (D:\\ctkmani\\ctkmani\\server\\middleware\\authMiddleware.js:32:7)\n    at process.processTicksAndRejections (node:internal/process/task_queues:105:5)"
}
---
[2026-04-03T15:03:53.004Z] [DEBUG] Weather cache hit
{
  "city": "srinagar",
  "cached": true
}
---
[2026-04-03T15:03:53.206Z] [INFO] Claim eligibility evaluated
{
  "userId": "69cfd61ec1802c37967b5f89",
  "city": "srinagar",
  "rain": 0,
  "threshold": 10,
  "decision": "NOT_ELIGIBLE",
  "status": "not_eligible"
}
---
[2026-04-03T15:03:53.207Z] [INFO] Claim automation completed successfully
{
  "userId": "69cfd61ec1802c37967b5f89",
  "city": "srinagar",
  "rainMm": 0,
  "claimCreated": true,
  "claimDecision": "not_eligible"
}
---
[2026-04-03T15:03:53.318Z] [DEBUG] Claims retrieved
{
  "userId": "69cfd61ec1802c37967b5f89",
  "count": 1
}
---
[2026-04-03T15:06:57.095Z] [INFO] Claim auto request received
{
  "userId": "69cfd790772d9a086338d320",
  "ip": "::ffff:127.0.0.1",
  "timestamp": "2026-04-03T15:06:57.094Z"
}
---
[2026-04-03T15:06:57.292Z] [INFO] Claim eligibility evaluated
{
  "userId": "69cfd790772d9a086338d320",
  "city": "Bangalore",
  "rain": 0,
  "threshold": 1,
  "decision": "NOT_ELIGIBLE",
  "status": "not_eligible"
}
---
[2026-04-03T15:06:57.293Z] [INFO] Claim automation completed successfully
{
  "userId": "69cfd790772d9a086338d320",
  "city": "Bangalore",
  "rainMm": 0,
  "claimCreated": true,
  "claimDecision": "not_eligible"
}
---
[2026-04-03T15:06:57.376Z] [DEBUG] Claims retrieved
{
  "userId": "69cfd790772d9a086338d320",
  "count": 1
}
---
[2026-04-03T15:06:57.421Z] [INFO] Claim auto request received
{
  "userId": "69cfd790772d9a086338d320",
  "ip": "::ffff:127.0.0.1",
  "timestamp": "2026-04-03T15:06:57.420Z"
}
---
[2026-04-03T15:06:57.617Z] [INFO] Claim eligibility evaluated
{
  "userId": "69cfd790772d9a086338d320",
  "city": "Bangalore",
  "rain": 10,
  "threshold": 1,
  "decision": "ELIGIBLE",
  "status": "eligible"
}
---
[2026-04-03T15:06:57.618Z] [INFO] Claim automation completed successfully
{
  "userId": "69cfd790772d9a086338d320",
  "city": "Bangalore",
  "rainMm": 10,
  "claimCreated": true,
  "claimDecision": "eligible"
}
---
[2026-04-03T15:06:57.703Z] [DEBUG] Claims retrieved
{
  "userId": "69cfd790772d9a086338d320",
  "count": 1
}
---
[2026-04-03T15:06:57.942Z] [INFO] Claim redeemed and approved
{
  "userId": "69cfd790772d9a086338d320",
  "rain": 10,
  "threshold": 1,
  "decision": "REDEEMED",
  "status": "approved"
}
---
[2026-04-03T15:06:58.026Z] [DEBUG] Claims retrieved
{
  "userId": "69cfd790772d9a086338d320",
  "count": 1
}
---
[2026-04-03T15:11:15.535Z] [INFO] Claim auto request received
{
  "userId": "69cfd61ec1802c37967b5f89",
  "ip": "::1",
  "timestamp": "2026-04-03T15:11:15.534Z"
}
---
[2026-04-03T15:11:15.587Z] [DEBUG] Weather cache hit
{
  "city": "srinagar",
  "cached": true
}
---
[2026-04-03T15:11:15.620Z] [INFO] Claim auto request received
{
  "userId": "69cfd61ec1802c37967b5f89",
  "ip": "::1",
  "timestamp": "2026-04-03T15:11:15.620Z"
}
---
[2026-04-03T15:11:15.669Z] [DEBUG] Weather cache hit
{
  "city": "srinagar",
  "cached": true
}
---
[2026-04-03T15:11:15.803Z] [INFO] Claim eligibility evaluated
{
  "userId": "69cfd61ec1802c37967b5f89",
  "city": "srinagar",
  "rain": 0,
  "threshold": 10,
  "decision": "NOT_ELIGIBLE",
  "status": "not_eligible"
}
---
[2026-04-03T15:11:15.804Z] [INFO] Claim automation completed successfully
{
  "userId": "69cfd61ec1802c37967b5f89",
  "city": "srinagar",
  "rainMm": 0,
  "claimCreated": true,
  "claimDecision": "not_eligible"
}
---
[2026-04-03T15:11:15.866Z] [INFO] Claim eligibility evaluated
{
  "userId": "69cfd61ec1802c37967b5f89",
  "city": "srinagar",
  "rain": 0,
  "threshold": 10,
  "decision": "NOT_ELIGIBLE",
  "status": "not_eligible"
}
---
[2026-04-03T15:11:15.867Z] [INFO] Claim automation completed successfully
{
  "userId": "69cfd61ec1802c37967b5f89",
  "city": "srinagar",
  "rainMm": 0,
  "claimCreated": true,
  "claimDecision": "not_eligible"
}
---
[2026-04-03T15:11:15.924Z] [DEBUG] Claims retrieved
{
  "userId": "69cfd61ec1802c37967b5f89",
  "count": 1
}
---
[2026-04-03T15:11:16.033Z] [DEBUG] Claims retrieved
{
  "userId": "69cfd61ec1802c37967b5f89",
  "count": 1
}
---
[2026-04-03T15:14:19.205Z] [INFO] Claim auto request received
{
  "userId": "69cfd94adb56ae35497ef254",
  "ip": "::ffff:127.0.0.1",
  "timestamp": "2026-04-03T15:14:19.204Z"
}
---
[2026-04-03T15:14:19.441Z] [INFO] Claim eligibility evaluated
{
  "userId": "69cfd94adb56ae35497ef254",
  "city": "Bangalore",
  "rain": 0,
  "threshold": 1,
  "decision": "NOT_ELIGIBLE",
  "status": "not_eligible"
}
---
[2026-04-03T15:14:19.443Z] [INFO] Claim automation completed successfully
{
  "userId": "69cfd94adb56ae35497ef254",
  "city": "Bangalore",
  "rainMm": 0,
  "claimCreated": true,
  "claimDecision": "not_eligible"
}
---
[2026-04-03T15:14:19.545Z] [DEBUG] Claims retrieved
{
  "userId": "69cfd94adb56ae35497ef254",
  "count": 1
}
---
[2026-04-03T15:14:19.606Z] [INFO] Claim auto request received
{
  "userId": "69cfd94adb56ae35497ef254",
  "ip": "::ffff:127.0.0.1",
  "timestamp": "2026-04-03T15:14:19.606Z"
}
---
[2026-04-03T15:14:19.832Z] [INFO] Claim eligibility evaluated
{
  "userId": "69cfd94adb56ae35497ef254",
  "city": "Bangalore",
  "rain": 10,
  "threshold": 1,
  "decision": "ELIGIBLE",
  "status": "eligible"
}
---
[2026-04-03T15:14:19.834Z] [INFO] Claim automation completed successfully
{
  "userId": "69cfd94adb56ae35497ef254",
  "city": "Bangalore",
  "rainMm": 10,
  "claimCreated": true,
  "claimDecision": "eligible"
}
---
[2026-04-03T15:14:19.943Z] [DEBUG] Claims retrieved
{
  "userId": "69cfd94adb56ae35497ef254",
  "count": 1
}
---
[2026-04-03T15:14:20.245Z] [INFO] Claim redeemed and approved
{
  "userId": "69cfd94adb56ae35497ef254",
  "rain": 10,
  "threshold": 1,
  "decision": "REDEEMED",
  "status": "approved"
}
---
[2026-04-03T15:14:20.368Z] [DEBUG] Claims retrieved
{
  "userId": "69cfd94adb56ae35497ef254",
  "count": 1
}
---
[2026-04-03T15:17:43.811Z] [INFO] Claim auto request received
{
  "userId": "69cfda17ead2975527970463",
  "ip": "::ffff:127.0.0.1",
  "timestamp": "2026-04-03T15:17:43.810Z"
}
---
[2026-04-03T15:17:43.870Z] [ERROR] Claim automation failed
{
  "userId": "69cfda17ead2975527970463",
  "error": "Profile incomplete",
  "errorCode": "PARTNER_PROFILE_INCOMPLETE",
  "statusCode": 400
}
---
[2026-04-03T15:17:43.872Z] [ERROR] Profile incomplete
{
  "statusCode": 400,
  "errorCode": "PARTNER_PROFILE_INCOMPLETE",
  "userId": "69cfda17ead2975527970463",
  "path": "/api/claim/auto",
  "method": "POST",
  "ip": "::ffff:127.0.0.1",
  "stack": "Error: Profile incomplete\n    at validateUserProfile (D:\\ctkmani\\ctkmani\\server\\utils\\claimValidator.js:25:17)\n    at evaluateClaimEligibility (D:\\ctkmani\\ctkmani\\server\\services\\claimService.js:172:16)\n    at process.processTicksAndRejections (node:internal/process/task_queues:105:5)\n    at async autoClaim (D:\\ctkmani\\ctkmani\\server\\controllers\\claimController.js:28:20)"
}
---
[2026-04-03T15:17:44.200Z] [INFO] Claim auto request received
{
  "userId": "69cfda17ead2975527970474",
  "ip": "::ffff:127.0.0.1",
  "timestamp": "2026-04-03T15:17:44.199Z"
}
---
[2026-04-03T15:17:44.332Z] [ERROR] Claim automation failed
{
  "userId": "69cfda17ead2975527970474",
  "error": "No active policy. Select a plan first.",
  "errorCode": "NO_ACTIVE_POLICY",
  "statusCode": 400
}
---
[2026-04-03T15:17:44.335Z] [ERROR] No active policy. Select a plan first.
{
  "statusCode": 400,
  "errorCode": "NO_ACTIVE_POLICY",
  "userId": "69cfda17ead2975527970474",
  "path": "/api/claim/auto",
  "method": "POST",
  "ip": "::ffff:127.0.0.1",
  "stack": "Error: No active policy. Select a plan first.\n    at getActivePolicyOrThrow (D:\\ctkmani\\ctkmani\\server\\services\\claimService.js:73:15)\n    at process.processTicksAndRejections (node:internal/process/task_queues:105:5)\n    at async evaluateClaimEligibility (D:\\ctkmani\\ctkmani\\server\\services\\claimService.js:179:18)\n    at async autoClaim (D:\\ctkmani\\ctkmani\\server\\controllers\\claimController.js:28:20)"
}
---
[2026-04-03T15:20:32.699Z] [INFO] Claim scheduler run completed
{
  "checkedUsers": 11,
  "createdOrUpdatedClaims": 0,
  "skippedUsers": 9,
  "failedUsers": 0,
  "durationMs": 201
}
---
[2026-04-03T15:20:34.653Z] [DEBUG] Fetching 5-day forecast from API
{
  "city": "srinagar"
}
---
[2026-04-03T15:20:34.938Z] [INFO] 5-day forecast fetched successfully
{
  "city": "srinagar",
  "forecastItems": 40
}
---
[2026-04-03T15:20:35.219Z] [DEBUG] Forecast cache hit
{
  "city": "srinagar",
  "cached": true
}
---
[2026-04-03T15:20:35.384Z] [DEBUG] Fetching current weather from API
{
  "city": "srinagar"
}
---
[2026-04-03T15:20:35.439Z] [INFO] Current weather fetched successfully
{
  "city": "srinagar",
  "temp": 10.88,
  "condition": "Clouds"
}
---
[2026-04-03T15:20:35.547Z] [DEBUG] Weather cache hit
{
  "city": "srinagar",
  "cached": true
}
---
[2026-04-03T15:20:35.575Z] [DEBUG] Claims retrieved
{
  "userId": "69cfd61ec1802c37967b5f89",
  "count": 1
}
---
[2026-04-03T15:20:35.713Z] [DEBUG] Claims retrieved
{
  "userId": "69cfd61ec1802c37967b5f89",
  "count": 1
}
---
[2026-04-03T15:20:35.765Z] [DEBUG] Weather cache hit
{
  "city": "srinagar",
  "cached": true
}
---
[2026-04-03T15:20:35.845Z] [DEBUG] Weather cache hit
{
  "city": "srinagar",
  "cached": true
}
---
[2026-04-03T15:20:35.847Z] [DEBUG] Forecast cache hit
{
  "city": "srinagar",
  "cached": true
}
---
[2026-04-03T15:20:35.924Z] [DEBUG] Weather cache hit
{
  "city": "srinagar",
  "cached": true
}
---
[2026-04-03T15:20:36.005Z] [DEBUG] Weather cache hit
{
  "city": "srinagar",
  "cached": true
}
---
[2026-04-03T15:20:36.007Z] [DEBUG] Forecast cache hit
{
  "city": "srinagar",
  "cached": true
}
---
[2026-04-03T15:20:57.763Z] [INFO] Claim auto request received
{
  "userId": "69cfd61ec1802c37967b5f89",
  "ip": "::1",
  "timestamp": "2026-04-03T15:20:57.763Z"
}
---
[2026-04-03T15:20:57.810Z] [DEBUG] Weather cache hit
{
  "city": "srinagar",
  "cached": true
}
---
[2026-04-03T15:20:57.862Z] [INFO] Claim auto request received
{
  "userId": "69cfd61ec1802c37967b5f89",
  "ip": "::1",
  "timestamp": "2026-04-03T15:20:57.861Z"
}
---
[2026-04-03T15:20:57.911Z] [DEBUG] Weather cache hit
{
  "city": "srinagar",
  "cached": true
}
---
[2026-04-03T15:20:58.006Z] [INFO] Claim eligibility evaluated
{
  "userId": "69cfd61ec1802c37967b5f89",
  "city": "srinagar",
  "rain": 0,
  "threshold": 10,
  "decision": "NOT_ELIGIBLE",
  "status": "not_eligible"
}
---
[2026-04-03T15:20:58.009Z] [INFO] Claim automation completed successfully
{
  "userId": "69cfd61ec1802c37967b5f89",
  "city": "srinagar",
  "rainMm": 0,
  "claimCreated": true,
  "claimDecision": "not_eligible"
}
---
[2026-04-03T15:20:58.107Z] [INFO] Claim eligibility evaluated
{
  "userId": "69cfd61ec1802c37967b5f89",
  "city": "srinagar",
  "rain": 0,
  "threshold": 10,
  "decision": "NOT_ELIGIBLE",
  "status": "not_eligible"
}
---
[2026-04-03T15:20:58.109Z] [INFO] Claim automation completed successfully
{
  "userId": "69cfd61ec1802c37967b5f89",
  "city": "srinagar",
  "rainMm": 0,
  "claimCreated": true,
  "claimDecision": "not_eligible"
}
---
[2026-04-03T15:20:58.192Z] [DEBUG] Claims retrieved
{
  "userId": "69cfd61ec1802c37967b5f89",
  "count": 1
}
---
[2026-04-03T15:20:58.390Z] [DEBUG] Claims retrieved
{
  "userId": "69cfd61ec1802c37967b5f89",
  "count": 1
}
---
[2026-04-03T15:21:01.845Z] [INFO] Claim auto request received
{
  "userId": "69cfd61ec1802c37967b5f89",
  "ip": "::1",
  "timestamp": "2026-04-03T15:21:01.844Z"
}
---
[2026-04-03T15:21:01.895Z] [DEBUG] Weather cache hit
{
  "city": "srinagar",
  "cached": true
}
---
[2026-04-03T15:21:01.930Z] [INFO] Claim auto request received
{
  "userId": "69cfd61ec1802c37967b5f89",
  "ip": "::1",
  "timestamp": "2026-04-03T15:21:01.929Z"
}
---
[2026-04-03T15:21:01.973Z] [DEBUG] Weather cache hit
{
  "city": "srinagar",
  "cached": true
}
---
[2026-04-03T15:21:02.154Z] [INFO] Claim eligibility evaluated
{
  "userId": "69cfd61ec1802c37967b5f89",
  "city": "srinagar",
  "rain": 0,
  "threshold": 10,
  "decision": "NOT_ELIGIBLE",
  "status": "not_eligible"
}
---
[2026-04-03T15:21:02.155Z] [INFO] Claim automation completed successfully
{
  "userId": "69cfd61ec1802c37967b5f89",
  "city": "srinagar",
  "rainMm": 0,
  "claimCreated": true,
  "claimDecision": "not_eligible"
}
---
[2026-04-03T15:21:02.262Z] [DEBUG] Claims retrieved
{
  "userId": "69cfd61ec1802c37967b5f89",
  "count": 1
}
---
[2026-04-03T15:21:02.383Z] [INFO] Claim eligibility evaluated
{
  "userId": "69cfd61ec1802c37967b5f89",
  "city": "srinagar",
  "rain": 0,
  "threshold": 10,
  "decision": "NOT_ELIGIBLE",
  "status": "not_eligible"
}
---
[2026-04-03T15:21:02.384Z] [INFO] Claim automation completed successfully
{
  "userId": "69cfd61ec1802c37967b5f89",
  "city": "srinagar",
  "rainMm": 0,
  "claimCreated": true,
  "claimDecision": "not_eligible"
}
---
[2026-04-03T15:21:02.490Z] [DEBUG] Claims retrieved
{
  "userId": "69cfd61ec1802c37967b5f89",
  "count": 1
}
---
[2026-04-03T15:21:08.113Z] [INFO] Claim auto request received
{
  "userId": "69cfd61ec1802c37967b5f89",
  "ip": "::1",
  "timestamp": "2026-04-03T15:21:08.112Z"
}
---
[2026-04-03T15:21:08.166Z] [DEBUG] Weather cache hit
{
  "city": "srinagar",
  "cached": true
}
---
[2026-04-03T15:21:08.352Z] [INFO] Claim eligibility evaluated
{
  "userId": "69cfd61ec1802c37967b5f89",
  "city": "srinagar",
  "rain": 0,
  "threshold": 10,
  "decision": "NOT_ELIGIBLE",
  "status": "not_eligible"
}
---
[2026-04-03T15:21:08.353Z] [INFO] Claim automation completed successfully
{
  "userId": "69cfd61ec1802c37967b5f89",
  "city": "srinagar",
  "rainMm": 0,
  "claimCreated": true,
  "claimDecision": "not_eligible"
}
---
[2026-04-03T15:21:08.413Z] [WARN] Fraud check: RATE_LIMIT_EXCEEDED
{
  "userId": "69cfd61ec1802c37967b5f89",
  "result": true,
  "reason": "User exceeded 5 requests/min. Retry after 290s"
}
---
[2026-04-03T15:21:08.414Z] [ERROR] Rate limit exceeded. Maximum 5 requests per minute. Retry after 290 seconds.
{
  "statusCode": 429,
  "errorCode": "RATE_LIMIT_EXCEEDED",
  "userId": "69cfd61ec1802c37967b5f89",
  "path": "/api/claim/auto",
  "method": "POST",
  "ip": "::1",
  "stack": "Error: Rate limit exceeded. Maximum 5 requests per minute. Retry after 290 seconds.\n    at rateLimiterClaimAuto (D:\\ctkmani\\ctkmani\\server\\middleware\\rateLimiter.js:82:19)\n    at Layer.handle [as handle_request] (D:\\ctkmani\\ctkmani\\server\\node_modules\\express\\lib\\router\\layer.js:95:5)\n    at next (D:\\ctkmani\\ctkmani\\server\\node_modules\\express\\lib\\router\\route.js:149:13)\n    at required (D:\\ctkmani\\ctkmani\\server\\middleware\\authMiddleware.js:32:7)\n    at process.processTicksAndRejections (node:internal/process/task_queues:105:5)"
}
---
[2026-04-03T15:21:12.273Z] [WARN] Fraud check: RATE_LIMIT_EXCEEDED
{
  "userId": "69cfd61ec1802c37967b5f89",
  "result": true,
  "reason": "User exceeded 5 requests/min. Retry after 286s"
}
---
[2026-04-03T15:21:12.275Z] [ERROR] Rate limit exceeded. Maximum 5 requests per minute. Retry after 286 seconds.
{
  "statusCode": 429,
  "errorCode": "RATE_LIMIT_EXCEEDED",
  "userId": "69cfd61ec1802c37967b5f89",
  "path": "/api/claim/auto",
  "method": "POST",
  "ip": "::1",
  "stack": "Error: Rate limit exceeded. Maximum 5 requests per minute. Retry after 286 seconds.\n    at rateLimiterClaimAuto (D:\\ctkmani\\ctkmani\\server\\middleware\\rateLimiter.js:82:19)\n    at Layer.handle [as handle_request] (D:\\ctkmani\\ctkmani\\server\\node_modules\\express\\lib\\router\\layer.js:95:5)\n    at next (D:\\ctkmani\\ctkmani\\server\\node_modules\\express\\lib\\router\\route.js:149:13)\n    at required (D:\\ctkmani\\ctkmani\\server\\middleware\\authMiddleware.js:32:7)\n    at process.processTicksAndRejections (node:internal/process/task_queues:105:5)"
}
---
[2026-04-03T15:21:12.369Z] [WARN] Fraud check: RATE_LIMIT_EXCEEDED
{
  "userId": "69cfd61ec1802c37967b5f89",
  "result": true,
  "reason": "User exceeded 5 requests/min. Retry after 286s"
}
---
[2026-04-03T15:21:12.372Z] [ERROR] Rate limit exceeded. Maximum 5 requests per minute. Retry after 286 seconds.
{
  "statusCode": 429,
  "errorCode": "RATE_LIMIT_EXCEEDED",
  "userId": "69cfd61ec1802c37967b5f89",
  "path": "/api/claim/auto",
  "method": "POST",
  "ip": "::1",
  "stack": "Error: Rate limit exceeded. Maximum 5 requests per minute. Retry after 286 seconds.\n    at rateLimiterClaimAuto (D:\\ctkmani\\ctkmani\\server\\middleware\\rateLimiter.js:82:19)\n    at Layer.handle [as handle_request] (D:\\ctkmani\\ctkmani\\server\\node_modules\\express\\lib\\router\\layer.js:95:5)\n    at next (D:\\ctkmani\\ctkmani\\server\\node_modules\\express\\lib\\router\\route.js:149:13)\n    at required (D:\\ctkmani\\ctkmani\\server\\middleware\\authMiddleware.js:32:7)\n    at process.processTicksAndRejections (node:internal/process/task_queues:105:5)"
}
---
[2026-04-03T15:21:23.402Z] [INFO] Claim auto request received
{
  "userId": "69cfdaf3a25dab5dc7838ad6",
  "ip": "::ffff:127.0.0.1",
  "timestamp": "2026-04-03T15:21:23.401Z"
}
---
[2026-04-03T15:21:23.461Z] [ERROR] Claim automation failed
{
  "userId": "69cfdaf3a25dab5dc7838ad6",
  "error": "Profile incomplete",
  "errorCode": "PARTNER_PROFILE_INCOMPLETE",
  "statusCode": 400
}
---
[2026-04-03T15:21:23.465Z] [ERROR] Profile incomplete
{
  "statusCode": 400,
  "errorCode": "PARTNER_PROFILE_INCOMPLETE",
  "userId": "69cfdaf3a25dab5dc7838ad6",
  "path": "/api/claim/auto",
  "method": "POST",
  "ip": "::ffff:127.0.0.1",
  "stack": "Error: Profile incomplete\n    at validateUserProfile (D:\\ctkmani\\ctkmani\\server\\utils\\claimValidator.js:25:17)\n    at evaluateClaimEligibility (D:\\ctkmani\\ctkmani\\server\\services\\claimService.js:172:16)\n    at process.processTicksAndRejections (node:internal/process/task_queues:105:5)\n    at async autoClaim (D:\\ctkmani\\ctkmani\\server\\controllers\\claimController.js:28:20)"
}
---
[2026-04-03T15:21:23.891Z] [INFO] Claim auto request received
{
  "userId": "69cfdaf3a25dab5dc7838adf",
  "ip": "::ffff:127.0.0.1",
  "timestamp": "2026-04-03T15:21:23.891Z"
}
---
[2026-04-03T15:21:24.014Z] [ERROR] Claim automation failed
{
  "userId": "69cfdaf3a25dab5dc7838adf",
  "error": "No active policy. Select a plan first.",
  "errorCode": "NO_ACTIVE_POLICY",
  "statusCode": 400
}
---
[2026-04-03T15:21:24.016Z] [ERROR] No active policy. Select a plan first.
{
  "statusCode": 400,
  "errorCode": "NO_ACTIVE_POLICY",
  "userId": "69cfdaf3a25dab5dc7838adf",
  "path": "/api/claim/auto",
  "method": "POST",
  "ip": "::ffff:127.0.0.1",
  "stack": "Error: No active policy. Select a plan first.\n    at getActivePolicyOrThrow (D:\\ctkmani\\ctkmani\\server\\services\\claimService.js:73:15)\n    at process.processTicksAndRejections (node:internal/process/task_queues:105:5)\n    at async evaluateClaimEligibility (D:\\ctkmani\\ctkmani\\server\\services\\claimService.js:179:18)\n    at async autoClaim (D:\\ctkmani\\ctkmani\\server\\controllers\\claimController.js:28:20)"
}
---
[2026-04-03T15:21:24.345Z] [INFO] Claim auto request received
{
  "userId": "69cfdaf3a25dab5dc7838adf",
  "ip": "::ffff:127.0.0.1",
  "timestamp": "2026-04-03T15:21:24.344Z"
}
---
[2026-04-03T15:21:24.700Z] [INFO] Claim eligibility evaluated
{
  "userId": "69cfdaf3a25dab5dc7838adf",
  "city": "Pune",
  "rain": 1,
  "threshold": 10,
  "decision": "NOT_ELIGIBLE",
  "status": "not_eligible"
}
---
[2026-04-03T15:21:24.702Z] [INFO] Claim automation completed successfully
{
  "userId": "69cfdaf3a25dab5dc7838adf",
  "city": "Pune",
  "rainMm": 1,
  "claimCreated": true,
  "claimDecision": "not_eligible"
}
---
[2026-04-03T15:21:24.782Z] [INFO] Claim auto request received
{
  "userId": "69cfdaf3a25dab5dc7838adf",
  "ip": "::ffff:127.0.0.1",
  "timestamp": "2026-04-03T15:21:24.781Z"
}
---
[2026-04-03T15:21:25.641Z] [INFO] Claim eligibility evaluated
{
  "userId": "69cfdaf3a25dab5dc7838adf",
  "city": "Pune",
  "rain": 8,
  "threshold": 10,
  "decision": "NOT_ELIGIBLE",
  "status": "not_eligible"
}
---
[2026-04-03T15:21:25.643Z] [INFO] Claim automation completed successfully
{
  "userId": "69cfdaf3a25dab5dc7838adf",
  "city": "Pune",
  "rainMm": 8,
  "claimCreated": true,
  "claimDecision": "not_eligible"
}
---
[2026-04-03T15:22:05.835Z] [INFO] Claim auto request received
{
  "userId": "69cfdb1dbd8a3a0d9efa7a0e",
  "ip": "::ffff:127.0.0.1",
  "timestamp": "2026-04-03T15:22:05.834Z"
}
---
[2026-04-03T15:22:05.885Z] [ERROR] Claim automation failed
{
  "userId": "69cfdb1dbd8a3a0d9efa7a0e",
  "error": "Profile incomplete",
  "errorCode": "PARTNER_PROFILE_INCOMPLETE",
  "statusCode": 400
}
---
[2026-04-03T15:22:05.890Z] [ERROR] Profile incomplete
{
  "statusCode": 400,
  "errorCode": "PARTNER_PROFILE_INCOMPLETE",
  "userId": "69cfdb1dbd8a3a0d9efa7a0e",
  "path": "/api/claim/auto",
  "method": "POST",
  "ip": "::ffff:127.0.0.1",
  "stack": "Error: Profile incomplete\n    at validateUserProfile (D:\\ctkmani\\ctkmani\\server\\utils\\claimValidator.js:25:17)\n    at evaluateClaimEligibility (D:\\ctkmani\\ctkmani\\server\\services\\claimService.js:172:16)\n    at process.processTicksAndRejections (node:internal/process/task_queues:105:5)\n    at async autoClaim (D:\\ctkmani\\ctkmani\\server\\controllers\\claimController.js:28:20)"
}
---
[2026-04-03T15:22:06.218Z] [INFO] Claim auto request received
{
  "userId": "69cfdb1dbd8a3a0d9efa7a1f",
  "ip": "::ffff:127.0.0.1",
  "timestamp": "2026-04-03T15:22:06.217Z"
}
---
[2026-04-03T15:22:06.321Z] [ERROR] Claim automation failed
{
  "userId": "69cfdb1dbd8a3a0d9efa7a1f",
  "error": "No active policy. Select a plan first.",
  "errorCode": "NO_ACTIVE_POLICY",
  "statusCode": 400
}
---
[2026-04-03T15:22:06.323Z] [ERROR] No active policy. Select a plan first.
{
  "statusCode": 400,
  "errorCode": "NO_ACTIVE_POLICY",
  "userId": "69cfdb1dbd8a3a0d9efa7a1f",
  "path": "/api/claim/auto",
  "method": "POST",
  "ip": "::ffff:127.0.0.1",
  "stack": "Error: No active policy. Select a plan first.\n    at getActivePolicyOrThrow (D:\\ctkmani\\ctkmani\\server\\services\\claimService.js:73:15)\n    at process.processTicksAndRejections (node:internal/process/task_queues:105:5)\n    at async evaluateClaimEligibility (D:\\ctkmani\\ctkmani\\server\\services\\claimService.js:173:18)\n    at async autoClaim (D:\\ctkmani\\ctkmani\\server\\controllers\\claimController.js:28:20)"
}
---
[2026-04-03T15:22:06.599Z] [INFO] Claim auto request received
{
  "userId": "69cfdb1dbd8a3a0d9efa7a1f",
  "ip": "::ffff:127.0.0.1",
  "timestamp": "2026-04-03T15:22:06.598Z"
}
---
[2026-04-03T15:22:06.865Z] [INFO] Claim eligibility evaluated
{
  "userId": "69cfdb1dbd8a3a0d9efa7a1f",
  "city": "Pune",
  "rain": 20,
  "threshold": 10,
  "decision": "ELIGIBLE",
  "status": "eligible"
}
---
[2026-04-03T15:22:06.866Z] [INFO] Claim automation completed successfully
{
  "userId": "69cfdb1dbd8a3a0d9efa7a1f",
  "city": "Pune",
  "rainMm": 20,
  "claimCreated": true,
  "claimDecision": "eligible"
}
---
[2026-04-03T15:22:30.666Z] [INFO] Claim auto request received
{
  "userId": "69cfdb36be7f1cd8a9008ea8",
  "ip": "::ffff:127.0.0.1",
  "timestamp": "2026-04-03T15:22:30.665Z"
}
---
[2026-04-03T15:22:30.726Z] [ERROR] Claim automation failed
{
  "userId": "69cfdb36be7f1cd8a9008ea8",
  "error": "Profile incomplete",
  "errorCode": "PARTNER_PROFILE_INCOMPLETE",
  "statusCode": 400
}
---
[2026-04-03T15:22:30.727Z] [ERROR] Profile incomplete
{
  "statusCode": 400,
  "errorCode": "PARTNER_PROFILE_INCOMPLETE",
  "userId": "69cfdb36be7f1cd8a9008ea8",
  "path": "/api/claim/auto",
  "method": "POST",
  "ip": "::ffff:127.0.0.1",
  "stack": "Error: Profile incomplete\n    at validateUserProfile (D:\\ctkmani\\ctkmani\\server\\utils\\claimValidator.js:25:17)\n    at evaluateClaimEligibility (D:\\ctkmani\\ctkmani\\server\\services\\claimService.js:172:16)\n    at process.processTicksAndRejections (node:internal/process/task_queues:105:5)\n    at async autoClaim (D:\\ctkmani\\ctkmani\\server\\controllers\\claimController.js:28:20)"
}
---
[2026-04-03T15:22:31.156Z] [INFO] Claim auto request received
{
  "userId": "69cfdb36be7f1cd8a9008eb9",
  "ip": "::ffff:127.0.0.1",
  "timestamp": "2026-04-03T15:22:31.156Z"
}
---
[2026-04-03T15:22:31.293Z] [ERROR] Claim automation failed
{
  "userId": "69cfdb36be7f1cd8a9008eb9",
  "error": "No active policy. Select a plan first.",
  "errorCode": "NO_ACTIVE_POLICY",
  "statusCode": 400
}
---
[2026-04-03T15:22:31.295Z] [ERROR] No active policy. Select a plan first.
{
  "statusCode": 400,
  "errorCode": "NO_ACTIVE_POLICY",
  "userId": "69cfdb36be7f1cd8a9008eb9",
  "path": "/api/claim/auto",
  "method": "POST",
  "ip": "::ffff:127.0.0.1",
  "stack": "Error: No active policy. Select a plan first.\n    at getActivePolicyOrThrow (D:\\ctkmani\\ctkmani\\server\\services\\claimService.js:73:15)\n    at process.processTicksAndRejections (node:internal/process/task_queues:105:5)\n    at async evaluateClaimEligibility (D:\\ctkmani\\ctkmani\\server\\services\\claimService.js:173:18)\n    at async autoClaim (D:\\ctkmani\\ctkmani\\server\\controllers\\claimController.js:28:20)"
}
---
[2026-04-03T15:22:31.672Z] [INFO] Claim auto request received
{
  "userId": "69cfdb36be7f1cd8a9008eb9",
  "ip": "::ffff:127.0.0.1",
  "timestamp": "2026-04-03T15:22:31.671Z"
}
---
[2026-04-03T15:22:31.991Z] [INFO] Claim eligibility evaluated
{
  "userId": "69cfdb36be7f1cd8a9008eb9",
  "city": "Pune",
  "rain": 20,
  "threshold": 10,
  "decision": "ELIGIBLE",
  "status": "eligible"
}
---
[2026-04-03T15:22:31.992Z] [INFO] Claim automation completed successfully
{
  "userId": "69cfdb36be7f1cd8a9008eb9",
  "city": "Pune",
  "rainMm": 20,
  "claimCreated": true,
  "claimDecision": "eligible"
}
---
[2026-04-03T15:22:32.060Z] [INFO] Claim auto request received
{
  "userId": "69cfdb36be7f1cd8a9008eb9",
  "ip": "::ffff:127.0.0.1",
  "timestamp": "2026-04-03T15:22:32.060Z"
}
---
[2026-04-03T15:22:32.369Z] [INFO] Claim eligibility evaluated
{
  "userId": "69cfdb36be7f1cd8a9008eb9",
  "city": "Pune",
  "rain": 1,
  "threshold": 10,
  "decision": "NOT_ELIGIBLE",
  "status": "not_eligible"
}
---
[2026-04-03T15:22:32.370Z] [INFO] Claim automation completed successfully
{
  "userId": "69cfdb36be7f1cd8a9008eb9",
  "city": "Pune",
  "rainMm": 1,
  "claimCreated": true,
  "claimDecision": "not_eligible"
}
---
[2026-04-03T15:22:33.045Z] [INFO] Claim auto request received
{
  "userId": "69cfdb38be7f1cd8a9008eda",
  "ip": "::ffff:127.0.0.1",
  "timestamp": "2026-04-03T15:22:33.045Z"
}
---
[2026-04-03T15:22:33.056Z] [INFO] Claim auto request received
{
  "userId": "69cfdb38be7f1cd8a9008eda",
  "ip": "::ffff:127.0.0.1",
  "timestamp": "2026-04-03T15:22:33.055Z"
}
---
[2026-04-03T15:22:33.064Z] [INFO] Claim auto request received
{
  "userId": "69cfdb38be7f1cd8a9008eda",
  "ip": "::ffff:127.0.0.1",
  "timestamp": "2026-04-03T15:22:33.063Z"
}
---
[2026-04-03T15:22:33.266Z] [INFO] Claim eligibility evaluated
{
  "userId": "69cfdb38be7f1cd8a9008eda",
  "city": "Mumbai",
  "rain": 0,
  "threshold": 5,
  "decision": "NOT_ELIGIBLE",
  "status": "not_eligible"
}
---
[2026-04-03T15:22:33.267Z] [INFO] Claim automation completed successfully
{
  "userId": "69cfdb38be7f1cd8a9008eda",
  "city": "Mumbai",
  "rainMm": 0,
  "claimCreated": true,
  "claimDecision": "not_eligible"
}
---
[2026-04-03T15:22:33.420Z] [INFO] Claim eligibility evaluated
{
  "userId": "69cfdb38be7f1cd8a9008eda",
  "city": "Mumbai",
  "rain": 0,
  "threshold": 5,
  "decision": "NOT_ELIGIBLE",
  "status": "not_eligible"
}
---
[2026-04-03T15:22:33.422Z] [INFO] Claim automation completed successfully
{
  "userId": "69cfdb38be7f1cd8a9008eda",
  "city": "Mumbai",
  "rainMm": 0,
  "claimCreated": true,
  "claimDecision": "not_eligible"
}
---
[2026-04-03T15:22:33.427Z] [INFO] Claim eligibility evaluated
{
  "userId": "69cfdb38be7f1cd8a9008eda",
  "city": "Mumbai",
  "rain": 0,
  "threshold": 5,
  "decision": "NOT_ELIGIBLE",
  "status": "not_eligible"
}
---
[2026-04-03T15:22:33.428Z] [INFO] Claim automation completed successfully
{
  "userId": "69cfdb38be7f1cd8a9008eda",
  "city": "Mumbai",
  "rainMm": 0,
  "claimCreated": true,
  "claimDecision": "not_eligible"
}
---
[2026-04-03T15:22:33.923Z] [ERROR] Insurer access required
{
  "statusCode": 403,
  "errorCode": "INSURER_ACCESS_REQUIRED",
  "userId": "69cfdb38be7f1cd8a9008eda",
  "path": "/api/claim/all",
  "method": "GET",
  "ip": "::ffff:127.0.0.1",
  "stack": "Error: Insurer access required\n    at insurer (D:\\ctkmani\\ctkmani\\server\\middleware\\authMiddleware.js:56:17)\n    at Layer.handle [as handle_request] (D:\\ctkmani\\ctkmani\\server\\node_modules\\express\\lib\\router\\layer.js:95:5)\n    at next (D:\\ctkmani\\ctkmani\\server\\node_modules\\express\\lib\\router\\route.js:149:13)\n    at required (D:\\ctkmani\\ctkmani\\server\\middleware\\authMiddleware.js:32:7)\n    at process.processTicksAndRejections (node:internal/process/task_queues:105:5)"
}
---
[2026-04-03T15:29:38.928Z] [INFO] Claim auto request received
{
  "userId": "69cfdce290837899fb6050ae",
  "ip": "::ffff:127.0.0.1",
  "timestamp": "2026-04-03T15:29:38.924Z"
}
---
[2026-04-03T15:29:39.199Z] [INFO] Claim eligibility evaluated
{
  "userId": "69cfdce290837899fb6050ae",
  "city": "Bangalore",
  "rain": 0,
  "threshold": 1,
  "decision": "NOT_ELIGIBLE",
  "status": "not_eligible"
}
---
[2026-04-03T15:29:39.200Z] [INFO] Claim automation completed successfully
{
  "userId": "69cfdce290837899fb6050ae",
  "city": "Bangalore",
  "rainMm": 0,
  "claimCreated": true,
  "claimDecision": "not_eligible"
}
---
[2026-04-03T15:29:39.309Z] [DEBUG] Claims retrieved
{
  "userId": "69cfdce290837899fb6050ae",
  "count": 1
}
---
[2026-04-03T15:29:39.369Z] [INFO] Claim auto request received
{
  "userId": "69cfdce290837899fb6050ae",
  "ip": "::ffff:127.0.0.1",
  "timestamp": "2026-04-03T15:29:39.368Z"
}
---
[2026-04-03T15:29:39.642Z] [INFO] Claim eligibility evaluated
{
  "userId": "69cfdce290837899fb6050ae",
  "city": "Bangalore",
  "rain": 10,
  "threshold": 1,
  "decision": "ELIGIBLE",
  "status": "eligible"
}
---
[2026-04-03T15:29:39.644Z] [INFO] Claim automation completed successfully
{
  "userId": "69cfdce290837899fb6050ae",
  "city": "Bangalore",
  "rainMm": 10,
  "claimCreated": true,
  "claimDecision": "eligible"
}
---
[2026-04-03T15:29:39.759Z] [DEBUG] Claims retrieved
{
  "userId": "69cfdce290837899fb6050ae",
  "count": 1
}
---
[2026-04-03T15:29:40.095Z] [INFO] Claim redeemed and approved
{
  "userId": "69cfdce290837899fb6050ae",
  "rain": 10,
  "threshold": 1,
  "decision": "REDEEMED",
  "status": "approved"
}
---
[2026-04-03T15:29:40.213Z] [DEBUG] Claims retrieved
{
  "userId": "69cfdce290837899fb6050ae",
  "count": 1
}
---
[2026-04-03T15:35:17.010Z] [INFO] Claim scheduler started
{
  "scanIntervalMs": 1800000,
  "startupDelayMs": 5000
}
---
[2026-04-03T15:35:22.252Z] [INFO] Claim scheduler run completed
{
  "checkedUsers": 11,
  "createdOrUpdatedClaims": 0,
  "skippedUsers": 9,
  "failedUsers": 0,
  "durationMs": 231
}
---
[2026-04-03T15:35:29.070Z] [DEBUG] Fetching 5-day forecast from API
{
  "city": "srinagar"
}
---
[2026-04-03T15:35:29.377Z] [INFO] 5-day forecast fetched successfully
{
  "city": "srinagar",
  "forecastItems": 40
}
---
[2026-04-03T15:35:29.541Z] [DEBUG] Fetching current weather from API
{
  "city": "srinagar"
}
---
[2026-04-03T15:35:29.603Z] [INFO] Current weather fetched successfully
{
  "city": "srinagar",
  "temp": 10.84,
  "condition": "Clouds"
}
---
[2026-04-03T15:35:29.809Z] [INFO] Claim eligibility evaluated
{
  "userId": "69cfd61ec1802c37967b5f89",
  "city": "srinagar",
  "rain": 0,
  "threshold": 10,
  "decision": "NOT_ELIGIBLE",
  "status": "not_eligible"
}
---
[2026-04-03T15:35:29.984Z] [DEBUG] Weather cache hit
{
  "city": "srinagar",
  "cached": true
}
---
[2026-04-03T15:35:30.035Z] [DEBUG] Forecast cache hit
{
  "city": "srinagar",
  "cached": true
}
---
[2026-04-03T15:35:30.056Z] [DEBUG] Weather cache hit
{
  "city": "srinagar",
  "cached": true
}
---
[2026-04-03T15:35:30.057Z] [DEBUG] Forecast cache hit
{
  "city": "srinagar",
  "cached": true
}
---
[2026-04-03T15:35:30.206Z] [DEBUG] Weather cache hit
{
  "city": "srinagar",
  "cached": true
}
---
[2026-04-03T15:35:30.384Z] [INFO] Claim eligibility evaluated
{
  "userId": "69cfd61ec1802c37967b5f89",
  "city": "srinagar",
  "rain": 0,
  "threshold": 10,
  "decision": "NOT_ELIGIBLE",
  "status": "not_eligible"
}
---
[2026-04-03T15:35:30.624Z] [DEBUG] Weather cache hit
{
  "city": "srinagar",
  "cached": true
}
---
[2026-04-03T15:35:30.692Z] [DEBUG] Weather cache hit
{
  "city": "srinagar",
  "cached": true
}
---
[2026-04-03T15:35:30.694Z] [DEBUG] Forecast cache hit
{
  "city": "srinagar",
  "cached": true
}
---
[2026-04-03T15:35:49.503Z] [INFO] Claim auto request received
{
  "userId": "69cfd61ec1802c37967b5f89",
  "ip": "::1",
  "timestamp": "2026-04-03T15:35:49.502Z"
}
---
[2026-04-03T15:35:49.592Z] [DEBUG] Weather cache hit
{
  "city": "srinagar",
  "cached": true
}
---
[2026-04-03T15:35:49.665Z] [INFO] Claim auto request received
{
  "userId": "69cfd61ec1802c37967b5f89",
  "ip": "::1",
  "timestamp": "2026-04-03T15:35:49.664Z"
}
---
[2026-04-03T15:35:49.755Z] [INFO] Claim eligibility evaluated
{
  "userId": "69cfd61ec1802c37967b5f89",
  "city": "srinagar",
  "rain": 0,
  "threshold": 10,
  "decision": "NOT_ELIGIBLE",
  "status": "not_eligible"
}
---
[2026-04-03T15:35:49.757Z] [INFO] Claim automation completed successfully
{
  "userId": "69cfd61ec1802c37967b5f89",
  "city": "srinagar",
  "rainMm": 0,
  "claimCreated": true,
  "claimDecision": "not_eligible"
}
---
[2026-04-03T15:35:49.774Z] [DEBUG] Weather cache hit
{
  "city": "srinagar",
  "cached": true
}
---
[2026-04-03T15:35:49.858Z] [DEBUG] Claims retrieved
{
  "userId": "69cfd61ec1802c37967b5f89",
  "count": 1
}
---
[2026-04-03T15:35:49.967Z] [INFO] Claim eligibility evaluated
{
  "userId": "69cfd61ec1802c37967b5f89",
  "city": "srinagar",
  "rain": 0,
  "threshold": 10,
  "decision": "NOT_ELIGIBLE",
  "status": "not_eligible"
}
---
[2026-04-03T15:35:49.969Z] [INFO] Claim automation completed successfully
{
  "userId": "69cfd61ec1802c37967b5f89",
  "city": "srinagar",
  "rainMm": 0,
  "claimCreated": true,
  "claimDecision": "not_eligible"
}
---
[2026-04-03T15:35:50.098Z] [DEBUG] Claims retrieved
{
  "userId": "69cfd61ec1802c37967b5f89",
  "count": 1
}
---
[2026-04-03T15:36:00.974Z] [INFO] Claim auto request received
{
  "userId": "69cfd61ec1802c37967b5f89",
  "ip": "::1",
  "timestamp": "2026-04-03T15:36:00.973Z"
}
---
[2026-04-03T15:36:01.053Z] [DEBUG] Weather cache hit
{
  "city": "srinagar",
  "cached": true
}
---
[2026-04-03T15:36:01.184Z] [INFO] Claim auto request received
{
  "userId": "69cfd61ec1802c37967b5f89",
  "ip": "::1",
  "timestamp": "2026-04-03T15:36:01.177Z"
}
---
[2026-04-03T15:36:01.282Z] [INFO] Claim eligibility evaluated
{
  "userId": "69cfd61ec1802c37967b5f89",
  "city": "srinagar",
  "rain": 0,
  "threshold": 10,
  "decision": "NOT_ELIGIBLE",
  "status": "not_eligible"
}
---
[2026-04-03T15:36:01.292Z] [INFO] Claim automation completed successfully
{
  "userId": "69cfd61ec1802c37967b5f89",
  "city": "srinagar",
  "rainMm": 0,
  "claimCreated": true,
  "claimDecision": "not_eligible"
}
---
[2026-04-03T15:36:01.324Z] [DEBUG] Weather cache hit
{
  "city": "srinagar",
  "cached": true
}
---
[2026-04-03T15:36:01.462Z] [DEBUG] Claims retrieved
{
  "userId": "69cfd61ec1802c37967b5f89",
  "count": 1
}
---
[2026-04-03T15:36:01.558Z] [INFO] Claim eligibility evaluated
{
  "userId": "69cfd61ec1802c37967b5f89",
  "city": "srinagar",
  "rain": 0,
  "threshold": 10,
  "decision": "NOT_ELIGIBLE",
  "status": "not_eligible"
}
---
[2026-04-03T15:36:01.559Z] [INFO] Claim automation completed successfully
{
  "userId": "69cfd61ec1802c37967b5f89",
  "city": "srinagar",
  "rainMm": 0,
  "claimCreated": true,
  "claimDecision": "not_eligible"
}
---
[2026-04-03T15:36:01.681Z] [DEBUG] Claims retrieved
{
  "userId": "69cfd61ec1802c37967b5f89",
  "count": 1
}
---
[2026-04-03T15:36:07.493Z] [DEBUG] Forecast cache hit
{
  "city": "srinagar",
  "cached": true
}
---
[2026-04-03T15:36:07.620Z] [DEBUG] Weather cache hit
{
  "city": "srinagar",
  "cached": true
}
---
[2026-04-03T15:36:07.786Z] [INFO] Claim eligibility evaluated
{
  "userId": "69cfd61ec1802c37967b5f89",
  "city": "srinagar",
  "rain": 0,
  "threshold": 10,
  "decision": "NOT_ELIGIBLE",
  "status": "not_eligible"
}
---
[2026-04-03T15:36:07.963Z] [DEBUG] Forecast cache hit
{
  "city": "srinagar",
  "cached": true
}
---
[2026-04-03T15:36:08.024Z] [DEBUG] Weather cache hit
{
  "city": "srinagar",
  "cached": true
}
---
[2026-04-03T15:36:08.098Z] [DEBUG] Weather cache hit
{
  "city": "srinagar",
  "cached": true
}
---
[2026-04-03T15:36:08.116Z] [DEBUG] Weather cache hit
{
  "city": "srinagar",
  "cached": true
}
---
[2026-04-03T15:36:08.119Z] [DEBUG] Forecast cache hit
{
  "city": "srinagar",
  "cached": true
}
---
[2026-04-03T15:36:08.335Z] [INFO] Claim eligibility evaluated
{
  "userId": "69cfd61ec1802c37967b5f89",
  "city": "srinagar",
  "rain": 0,
  "threshold": 10,
  "decision": "NOT_ELIGIBLE",
  "status": "not_eligible"
}
---
[2026-04-03T15:36:08.515Z] [DEBUG] Weather cache hit
{
  "city": "srinagar",
  "cached": true
}
---
[2026-04-03T15:36:08.579Z] [DEBUG] Weather cache hit
{
  "city": "srinagar",
  "cached": true
}
---
[2026-04-03T15:36:08.580Z] [DEBUG] Forecast cache hit
{
  "city": "srinagar",
  "cached": true
}
---
[2026-04-03T15:36:16.363Z] [DEBUG] Forecast cache hit
{
  "city": "srinagar",
  "cached": true
}
---
[2026-04-03T15:36:16.469Z] [DEBUG] Weather cache hit
{
  "city": "srinagar",
  "cached": true
}
---
[2026-04-03T15:36:16.592Z] [INFO] Claim eligibility evaluated
{
  "userId": "69cfd61ec1802c37967b5f89",
  "city": "srinagar",
  "rain": 0,
  "threshold": 10,
  "decision": "NOT_ELIGIBLE",
  "status": "not_eligible"
}
---
[2026-04-03T15:36:16.740Z] [DEBUG] Forecast cache hit
{
  "city": "srinagar",
  "cached": true
}
---
[2026-04-03T15:36:16.814Z] [DEBUG] Weather cache hit
{
  "city": "srinagar",
  "cached": true
}
---
[2026-04-03T15:36:16.845Z] [DEBUG] Weather cache hit
{
  "city": "srinagar",
  "cached": true
}
---
[2026-04-03T15:36:16.886Z] [DEBUG] Weather cache hit
{
  "city": "srinagar",
  "cached": true
}
---
[2026-04-03T15:36:16.887Z] [DEBUG] Forecast cache hit
{
  "city": "srinagar",
  "cached": true
}
---
[2026-04-03T15:36:16.977Z] [INFO] Claim eligibility evaluated
{
  "userId": "69cfd61ec1802c37967b5f89",
  "city": "srinagar",
  "rain": 0,
  "threshold": 10,
  "decision": "NOT_ELIGIBLE",
  "status": "not_eligible"
}
---
[2026-04-03T15:36:17.138Z] [DEBUG] Weather cache hit
{
  "city": "srinagar",
  "cached": true
}
---
[2026-04-03T15:36:17.197Z] [DEBUG] Weather cache hit
{
  "city": "srinagar",
  "cached": true
}
---
[2026-04-03T15:36:17.199Z] [DEBUG] Forecast cache hit
{
  "city": "srinagar",
  "cached": true
}
---
[2026-04-03T15:36:54.915Z] [DEBUG] Forecast cache hit
{
  "city": "srinagar",
  "cached": true
}
---
[2026-04-03T15:36:55.036Z] [DEBUG] Weather cache hit
{
  "city": "srinagar",
  "cached": true
}
---
[2026-04-03T15:36:55.173Z] [INFO] Claim eligibility evaluated
{
  "userId": "69cfd61ec1802c37967b5f89",
  "city": "srinagar",
  "rain": 0,
  "threshold": 10,
  "decision": "NOT_ELIGIBLE",
  "status": "not_eligible"
}
---
[2026-04-03T15:36:55.353Z] [DEBUG] Forecast cache hit
{
  "city": "srinagar",
  "cached": true
}
---
[2026-04-03T15:36:55.413Z] [DEBUG] Weather cache hit
{
  "city": "srinagar",
  "cached": true
}
---
[2026-04-03T15:36:55.482Z] [DEBUG] Weather cache hit
{
  "city": "srinagar",
  "cached": true
}
---
[2026-04-03T15:36:55.498Z] [DEBUG] Weather cache hit
{
  "city": "srinagar",
  "cached": true
}
---
[2026-04-03T15:36:55.499Z] [DEBUG] Forecast cache hit
{
  "city": "srinagar",
  "cached": true
}
---
[2026-04-03T15:36:55.626Z] [INFO] Claim eligibility evaluated
{
  "userId": "69cfd61ec1802c37967b5f89",
  "city": "srinagar",
  "rain": 0,
  "threshold": 10,
  "decision": "NOT_ELIGIBLE",
  "status": "not_eligible"
}
---
[2026-04-03T15:36:55.823Z] [DEBUG] Weather cache hit
{
  "city": "srinagar",
  "cached": true
}
---
[2026-04-03T15:36:55.875Z] [DEBUG] Weather cache hit
{
  "city": "srinagar",
  "cached": true
}
---
[2026-04-03T15:36:55.877Z] [DEBUG] Forecast cache hit
{
  "city": "srinagar",
  "cached": true
}
---
[2026-04-03T15:37:19.321Z] [INFO] Claim auto request received
{
  "userId": "69cfd61ec1802c37967b5f89",
  "ip": "::1",
  "timestamp": "2026-04-03T15:37:19.317Z"
}
---
[2026-04-03T15:37:19.519Z] [DEBUG] Weather cache hit
{
  "city": "srinagar",
  "cached": true
}
---
[2026-04-03T15:37:19.580Z] [INFO] Claim auto request received
{
  "userId": "69cfd61ec1802c37967b5f89",
  "ip": "::1",
  "timestamp": "2026-04-03T15:37:19.580Z"
}
---
[2026-04-03T15:37:19.662Z] [INFO] Claim eligibility evaluated
{
  "userId": "69cfd61ec1802c37967b5f89",
  "city": "srinagar",
  "rain": 0,
  "threshold": 0.3,
  "decision": "NOT_ELIGIBLE",
  "status": "not_eligible"
}
---
[2026-04-03T15:37:19.664Z] [INFO] Claim automation completed successfully
{
  "userId": "69cfd61ec1802c37967b5f89",
  "city": "srinagar",
  "rainMm": 0,
  "claimCreated": true,
  "claimDecision": "not_eligible"
}
---
[2026-04-03T15:37:19.693Z] [DEBUG] Weather cache hit
{
  "city": "srinagar",
  "cached": true
}
---
[2026-04-03T15:37:19.766Z] [DEBUG] Claims retrieved
{
  "userId": "69cfd61ec1802c37967b5f89",
  "count": 1
}
---
[2026-04-03T15:37:19.874Z] [INFO] Claim eligibility evaluated
{
  "userId": "69cfd61ec1802c37967b5f89",
  "city": "srinagar",
  "rain": 0,
  "threshold": 0.3,
  "decision": "NOT_ELIGIBLE",
  "status": "not_eligible"
}
---
[2026-04-03T15:37:19.876Z] [INFO] Claim automation completed successfully
{
  "userId": "69cfd61ec1802c37967b5f89",
  "city": "srinagar",
  "rainMm": 0,
  "claimCreated": true,
  "claimDecision": "not_eligible"
}
---
[2026-04-03T15:37:20.001Z] [DEBUG] Claims retrieved
{
  "userId": "69cfd61ec1802c37967b5f89",
  "count": 1
}
---
[2026-04-03T15:37:25.190Z] [INFO] Claim auto request received
{
  "userId": "69cfd61ec1802c37967b5f89",
  "ip": "::1",
  "timestamp": "2026-04-03T15:37:25.188Z"
}
---
[2026-04-03T15:37:25.305Z] [DEBUG] Weather cache hit
{
  "city": "srinagar",
  "cached": true
}
---
[2026-04-03T15:37:25.329Z] [INFO] Claim auto request received
{
  "userId": "69cfd61ec1802c37967b5f89",
  "ip": "::1",
  "timestamp": "2026-04-03T15:37:25.329Z"
}
---
[2026-04-03T15:37:25.437Z] [DEBUG] Weather cache hit
{
  "city": "srinagar",
  "cached": true
}
---
[2026-04-03T15:37:25.445Z] [INFO] Claim eligibility evaluated
{
  "userId": "69cfd61ec1802c37967b5f89",
  "city": "srinagar",
  "rain": 0,
  "threshold": 0.3,
  "decision": "NOT_ELIGIBLE",
  "status": "not_eligible"
}
---
[2026-04-03T15:37:25.449Z] [INFO] Claim automation completed successfully
{
  "userId": "69cfd61ec1802c37967b5f89",
  "city": "srinagar",
  "rainMm": 0,
  "claimCreated": true,
  "claimDecision": "not_eligible"
}
---
[2026-04-03T15:37:25.568Z] [DEBUG] Claims retrieved
{
  "userId": "69cfd61ec1802c37967b5f89",
  "count": 1
}
---
[2026-04-03T15:37:25.626Z] [INFO] Claim eligibility evaluated
{
  "userId": "69cfd61ec1802c37967b5f89",
  "city": "srinagar",
  "rain": 0,
  "threshold": 0.3,
  "decision": "NOT_ELIGIBLE",
  "status": "not_eligible"
}
---
[2026-04-03T15:37:25.627Z] [INFO] Claim automation completed successfully
{
  "userId": "69cfd61ec1802c37967b5f89",
  "city": "srinagar",
  "rainMm": 0,
  "claimCreated": true,
  "claimDecision": "not_eligible"
}
---
[2026-04-03T15:37:25.757Z] [DEBUG] Claims retrieved
{
  "userId": "69cfd61ec1802c37967b5f89",
  "count": 1
}
---
[2026-04-03T15:37:30.390Z] [INFO] Claim auto request received
{
  "userId": "69cfd61ec1802c37967b5f89",
  "ip": "::1",
  "timestamp": "2026-04-03T15:37:30.389Z"
}
---
[2026-04-03T15:37:30.500Z] [DEBUG] Weather cache hit
{
  "city": "srinagar",
  "cached": true
}
---
[2026-04-03T15:37:30.684Z] [INFO] Claim eligibility evaluated
{
  "userId": "69cfd61ec1802c37967b5f89",
  "city": "srinagar",
  "rain": 0,
  "threshold": 0.3,
  "decision": "NOT_ELIGIBLE",
  "status": "not_eligible"
}
---
[2026-04-03T15:37:30.686Z] [INFO] Claim automation completed successfully
{
  "userId": "69cfd61ec1802c37967b5f89",
  "city": "srinagar",
  "rainMm": 0,
  "claimCreated": true,
  "claimDecision": "not_eligible"
}
---
[2026-04-03T15:37:30.753Z] [WARN] Fraud check: RATE_LIMIT_EXCEEDED
{
  "userId": "69cfd61ec1802c37967b5f89",
  "result": true,
  "reason": "User exceeded 5 requests/min. Retry after 289s"
}
---
[2026-04-03T15:37:30.756Z] [ERROR] Rate limit exceeded. Maximum 5 requests per minute. Retry after 289 seconds.
{
  "statusCode": 429,
  "errorCode": "RATE_LIMIT_EXCEEDED",
  "userId": "69cfd61ec1802c37967b5f89",
  "path": "/api/claim/auto",
  "method": "POST",
  "ip": "::1",
  "stack": "Error: Rate limit exceeded. Maximum 5 requests per minute. Retry after 289 seconds.\n    at rateLimiterClaimAuto (D:\\ctkmani\\ctkmani\\server\\middleware\\rateLimiter.js:82:19)\n    at Layer.handle [as handle_request] (D:\\ctkmani\\ctkmani\\server\\node_modules\\express\\lib\\router\\layer.js:95:5)\n    at next (D:\\ctkmani\\ctkmani\\server\\node_modules\\express\\lib\\router\\route.js:149:13)\n    at required (D:\\ctkmani\\ctkmani\\server\\middleware\\authMiddleware.js:32:7)\n    at process.processTicksAndRejections (node:internal/process/task_queues:105:5)"
}
---
[2026-04-03T15:37:35.513Z] [DEBUG] Forecast cache hit
{
  "city": "srinagar",
  "cached": true
}
---
[2026-04-03T15:37:35.678Z] [DEBUG] Weather cache hit
{
  "city": "srinagar",
  "cached": true
}
---
[2026-04-03T15:37:35.856Z] [INFO] Claim eligibility evaluated
{
  "userId": "69cfd61ec1802c37967b5f89",
  "city": "srinagar",
  "rain": 0,
  "threshold": 0.3,
  "decision": "NOT_ELIGIBLE",
  "status": "not_eligible"
}
---
[2026-04-03T15:37:36.065Z] [DEBUG] Weather cache hit
{
  "city": "srinagar",
  "cached": true
}
---
[2026-04-03T15:37:36.102Z] [DEBUG] Forecast cache hit
{
  "city": "srinagar",
  "cached": true
}
---
[2026-04-03T15:37:36.128Z] [DEBUG] Weather cache hit
{
  "city": "srinagar",
  "cached": true
}
---
[2026-04-03T15:37:36.130Z] [DEBUG] Forecast cache hit
{
  "city": "srinagar",
  "cached": true
}
---
[2026-04-03T15:37:36.272Z] [DEBUG] Weather cache hit
{
  "city": "srinagar",
  "cached": true
}
---
[2026-04-03T15:37:36.458Z] [INFO] Claim eligibility evaluated
{
  "userId": "69cfd61ec1802c37967b5f89",
  "city": "srinagar",
  "rain": 0,
  "threshold": 0.3,
  "decision": "NOT_ELIGIBLE",
  "status": "not_eligible"
}
---
[2026-04-03T15:37:36.705Z] [DEBUG] Weather cache hit
{
  "city": "srinagar",
  "cached": true
}
---
[2026-04-03T15:37:36.772Z] [DEBUG] Weather cache hit
{
  "city": "srinagar",
  "cached": true
}
---
[2026-04-03T15:37:36.773Z] [DEBUG] Forecast cache hit
{
  "city": "srinagar",
  "cached": true
}
---
[2026-04-03T15:38:35.517Z] [DEBUG] Forecast cache hit
{
  "city": "srinagar",
  "cached": true
}
---
[2026-04-03T15:38:35.680Z] [DEBUG] Weather cache hit
{
  "city": "srinagar",
  "cached": true
}
---
[2026-04-03T15:38:35.874Z] [INFO] Claim eligibility evaluated
{
  "userId": "69cfd61ec1802c37967b5f89",
  "city": "srinagar",
  "rain": 0,
  "threshold": 0.3,
  "decision": "NOT_ELIGIBLE",
  "status": "not_eligible"
}
---
[2026-04-03T15:38:36.121Z] [DEBUG] Weather cache hit
{
  "city": "srinagar",
  "cached": true
}
---
[2026-04-03T15:39:35.518Z] [DEBUG] Forecast cache hit
{
  "city": "srinagar",
  "cached": true
}
---
[2026-04-03T15:39:35.689Z] [DEBUG] Weather cache hit
{
  "city": "srinagar",
  "cached": true
}
---
[2026-04-03T15:39:35.866Z] [INFO] Claim eligibility evaluated
{
  "userId": "69cfd61ec1802c37967b5f89",
  "city": "srinagar",
  "rain": 0,
  "threshold": 0.3,
  "decision": "NOT_ELIGIBLE",
  "status": "not_eligible"
}
---
[2026-04-03T15:39:36.105Z] [DEBUG] Weather cache hit
{
  "city": "srinagar",
  "cached": true
}
---
[2026-04-03T15:39:41.440Z] [INFO] Claim auto request received
{
  "userId": "69cfdf3c9d707fcf0c88b3c7",
  "ip": "::ffff:127.0.0.1",
  "timestamp": "2026-04-03T15:39:41.439Z"
}
---
[2026-04-03T15:39:41.716Z] [INFO] Claim eligibility evaluated
{
  "userId": "69cfdf3c9d707fcf0c88b3c7",
  "city": "Bangalore",
  "rain": 0,
  "threshold": 1,
  "decision": "NOT_ELIGIBLE",
  "status": "not_eligible"
}
---
[2026-04-03T15:39:41.717Z] [INFO] Claim automation completed successfully
{
  "userId": "69cfdf3c9d707fcf0c88b3c7",
  "city": "Bangalore",
  "rainMm": 0,
  "claimCreated": true,
  "claimDecision": "not_eligible"
}
---
[2026-04-03T15:39:41.829Z] [DEBUG] Claims retrieved
{
  "userId": "69cfdf3c9d707fcf0c88b3c7",
  "count": 1
}
---
[2026-04-03T15:39:41.887Z] [INFO] Claim auto request received
{
  "userId": "69cfdf3c9d707fcf0c88b3c7",
  "ip": "::ffff:127.0.0.1",
  "timestamp": "2026-04-03T15:39:41.887Z"
}
---
[2026-04-03T15:39:42.152Z] [INFO] Claim eligibility evaluated
{
  "userId": "69cfdf3c9d707fcf0c88b3c7",
  "city": "Bangalore",
  "rain": 10,
  "threshold": 1,
  "decision": "ELIGIBLE",
  "status": "eligible"
}
---
[2026-04-03T15:39:42.153Z] [INFO] Claim automation completed successfully
{
  "userId": "69cfdf3c9d707fcf0c88b3c7",
  "city": "Bangalore",
  "rainMm": 10,
  "claimCreated": true,
  "claimDecision": "eligible"
}
---
[2026-04-03T15:39:42.266Z] [DEBUG] Claims retrieved
{
  "userId": "69cfdf3c9d707fcf0c88b3c7",
  "count": 1
}
---
[2026-04-03T15:39:42.593Z] [INFO] Claim redeemed and approved
{
  "userId": "69cfdf3c9d707fcf0c88b3c7",
  "rain": 10,
  "threshold": 1,
  "decision": "REDEEMED",
  "status": "approved"
}
---
[2026-04-03T15:39:42.704Z] [DEBUG] Claims retrieved
{
  "userId": "69cfdf3c9d707fcf0c88b3c7",
  "count": 1
}
---
[2026-04-03T15:40:35.507Z] [DEBUG] Forecast cache hit
{
  "city": "srinagar",
  "cached": true
}
---
[2026-04-03T15:40:35.666Z] [DEBUG] Weather cache hit
{
  "city": "srinagar",
  "cached": true
}
---
[2026-04-03T15:40:35.832Z] [INFO] Claim eligibility evaluated
{
  "userId": "69cfd61ec1802c37967b5f89",
  "city": "srinagar",
  "rain": 0,
  "threshold": 0.3,
  "decision": "NOT_ELIGIBLE",
  "status": "not_eligible"
}
---
[2026-04-03T15:40:36.066Z] [DEBUG] Weather cache hit
{
  "city": "srinagar",
  "cached": true
}
---
[2026-04-03T15:41:35.532Z] [DEBUG] Forecast cache hit
{
  "city": "srinagar",
  "cached": true
}
---
[2026-04-03T15:41:35.691Z] [DEBUG] Weather cache hit
{
  "city": "srinagar",
  "cached": true
}
---
[2026-04-03T15:41:35.865Z] [INFO] Claim eligibility evaluated
{
  "userId": "69cfd61ec1802c37967b5f89",
  "city": "srinagar",
  "rain": 0,
  "threshold": 0.3,
  "decision": "NOT_ELIGIBLE",
  "status": "not_eligible"
}
---
[2026-04-03T15:41:36.132Z] [DEBUG] Weather cache hit
{
  "city": "srinagar",
  "cached": true
}
---
[2026-04-03T15:42:21.208Z] [DEBUG] Forecast cache hit
{
  "city": "srinagar",
  "cached": true
}
---
[2026-04-03T15:42:21.333Z] [DEBUG] Weather cache hit
{
  "city": "srinagar",
  "cached": true
}
---
[2026-04-03T15:42:21.488Z] [INFO] Claim eligibility evaluated
{
  "userId": "69cfd61ec1802c37967b5f89",
  "city": "srinagar",
  "rain": 0,
  "threshold": 0.3,
  "decision": "NOT_ELIGIBLE",
  "status": "not_eligible"
}
---
[2026-04-03T15:42:21.671Z] [DEBUG] Forecast cache hit
{
  "city": "srinagar",
  "cached": true
}
---
[2026-04-03T15:42:21.713Z] [DEBUG] Weather cache hit
{
  "city": "srinagar",
  "cached": true
}
---
[2026-04-03T15:42:21.791Z] [DEBUG] Weather cache hit
{
  "city": "srinagar",
  "cached": true
}
---
[2026-04-03T15:42:21.793Z] [DEBUG] Forecast cache hit
{
  "city": "srinagar",
  "cached": true
}
---
[2026-04-03T15:42:21.805Z] [DEBUG] Weather cache hit
{
  "city": "srinagar",
  "cached": true
}
---
[2026-04-03T15:42:21.953Z] [INFO] Claim eligibility evaluated
{
  "userId": "69cfd61ec1802c37967b5f89",
  "city": "srinagar",
  "rain": 0,
  "threshold": 0.3,
  "decision": "NOT_ELIGIBLE",
  "status": "not_eligible"
}
---
[2026-04-03T15:42:22.137Z] [DEBUG] Weather cache hit
{
  "city": "srinagar",
  "cached": true
}
---
[2026-04-03T15:42:22.193Z] [DEBUG] Weather cache hit
{
  "city": "srinagar",
  "cached": true
}
---
[2026-04-03T15:42:22.194Z] [DEBUG] Forecast cache hit
{
  "city": "srinagar",
  "cached": true
}
---
[2026-04-03T15:42:25.337Z] [DEBUG] Forecast cache hit
{
  "city": "srinagar",
  "cached": true
}
---
[2026-04-03T15:42:25.438Z] [DEBUG] Weather cache hit
{
  "city": "srinagar",
  "cached": true
}
---
[2026-04-03T15:42:25.553Z] [INFO] Claim eligibility evaluated
{
  "userId": "69cfd61ec1802c37967b5f89",
  "city": "srinagar",
  "rain": 0,
  "threshold": 0.3,
  "decision": "NOT_ELIGIBLE",
  "status": "not_eligible"
}
---
[2026-04-03T15:42:25.700Z] [DEBUG] Forecast cache hit
{
  "city": "srinagar",
  "cached": true
}
---
[2026-04-03T15:42:25.763Z] [DEBUG] Weather cache hit
{
  "city": "srinagar",
  "cached": true
}
---
[2026-04-03T15:42:25.801Z] [DEBUG] Weather cache hit
{
  "city": "srinagar",
  "cached": true
}
---
[2026-04-03T15:42:25.827Z] [DEBUG] Weather cache hit
{
  "city": "srinagar",
  "cached": true
}
---
[2026-04-03T15:42:25.829Z] [DEBUG] Forecast cache hit
{
  "city": "srinagar",
  "cached": true
}
---
[2026-04-03T15:42:25.924Z] [INFO] Claim eligibility evaluated
{
  "userId": "69cfd61ec1802c37967b5f89",
  "city": "srinagar",
  "rain": 0,
  "threshold": 0.3,
  "decision": "NOT_ELIGIBLE",
  "status": "not_eligible"
}
---
[2026-04-03T15:42:26.091Z] [DEBUG] Weather cache hit
{
  "city": "srinagar",
  "cached": true
}
---
[2026-04-03T15:42:26.140Z] [DEBUG] Weather cache hit
{
  "city": "srinagar",
  "cached": true
}
---
[2026-04-03T15:42:26.141Z] [DEBUG] Forecast cache hit
{
  "city": "srinagar",
  "cached": true
}
---
[2026-04-03T15:42:43.345Z] [INFO] Claim auto request received
{
  "userId": "69cfd61ec1802c37967b5f89",
  "ip": "::1",
  "timestamp": "2026-04-03T15:42:43.345Z"
}
---
[2026-04-03T15:42:43.419Z] [DEBUG] Weather cache hit
{
  "city": "srinagar",
  "cached": true
}
---
[2026-04-03T15:42:43.468Z] [INFO] Claim auto request received
{
  "userId": "69cfd61ec1802c37967b5f89",
  "ip": "::1",
  "timestamp": "2026-04-03T15:42:43.467Z"
}
---
[2026-04-03T15:42:43.575Z] [DEBUG] Weather cache hit
{
  "city": "srinagar",
  "cached": true
}
---
[2026-04-03T15:42:43.646Z] [INFO] Claim eligibility evaluated
{
  "userId": "69cfd61ec1802c37967b5f89",
  "city": "srinagar",
  "rain": 0,
  "threshold": 0.3,
  "decision": "NOT_ELIGIBLE",
  "status": "not_eligible"
}
---
[2026-04-03T15:42:43.651Z] [INFO] Claim automation completed successfully
{
  "userId": "69cfd61ec1802c37967b5f89",
  "city": "srinagar",
  "rainMm": 0,
  "claimCreated": true,
  "claimDecision": "not_eligible"
}
---
[2026-04-03T15:42:43.764Z] [INFO] Claim eligibility evaluated
{
  "userId": "69cfd61ec1802c37967b5f89",
  "city": "srinagar",
  "rain": 0,
  "threshold": 0.3,
  "decision": "NOT_ELIGIBLE",
  "status": "not_eligible"
}
---
[2026-04-03T15:42:43.766Z] [INFO] Claim automation completed successfully
{
  "userId": "69cfd61ec1802c37967b5f89",
  "city": "srinagar",
  "rainMm": 0,
  "claimCreated": true,
  "claimDecision": "not_eligible"
}
---
[2026-04-03T15:42:43.791Z] [DEBUG] Claims retrieved
{
  "userId": "69cfd61ec1802c37967b5f89",
  "count": 1
}
---
[2026-04-03T15:42:43.930Z] [DEBUG] Claims retrieved
{
  "userId": "69cfd61ec1802c37967b5f89",
  "count": 1
}
---
[2026-04-03T15:42:47.203Z] [INFO] Claim auto request received
{
  "userId": "69cfd61ec1802c37967b5f89",
  "ip": "::1",
  "timestamp": "2026-04-03T15:42:47.202Z"
}
---
[2026-04-03T15:42:47.257Z] [INFO] Claim auto request received
{
  "userId": "69cfd61ec1802c37967b5f89",
  "ip": "::1",
  "timestamp": "2026-04-03T15:42:47.255Z"
}
---
[2026-04-03T15:42:47.316Z] [DEBUG] Weather cache hit
{
  "city": "srinagar",
  "cached": true
}
---
[2026-04-03T15:42:47.325Z] [DEBUG] Weather cache hit
{
  "city": "srinagar",
  "cached": true
}
---
[2026-04-03T15:42:47.449Z] [INFO] Claim eligibility evaluated
{
  "userId": "69cfd61ec1802c37967b5f89",
  "city": "srinagar",
  "rain": 0,
  "threshold": 0.3,
  "decision": "NOT_ELIGIBLE",
  "status": "not_eligible"
}
---
[2026-04-03T15:42:47.451Z] [INFO] Claim automation completed successfully
{
  "userId": "69cfd61ec1802c37967b5f89",
  "city": "srinagar",
  "rainMm": 0,
  "claimCreated": true,
  "claimDecision": "not_eligible"
}
---
[2026-04-03T15:42:47.498Z] [INFO] Claim eligibility evaluated
{
  "userId": "69cfd61ec1802c37967b5f89",
  "city": "srinagar",
  "rain": 0,
  "threshold": 0.3,
  "decision": "NOT_ELIGIBLE",
  "status": "not_eligible"
}
---
[2026-04-03T15:42:47.499Z] [INFO] Claim automation completed successfully
{
  "userId": "69cfd61ec1802c37967b5f89",
  "city": "srinagar",
  "rainMm": 0,
  "claimCreated": true,
  "claimDecision": "not_eligible"
}
---
[2026-04-03T15:42:47.658Z] [DEBUG] Claims retrieved
{
  "userId": "69cfd61ec1802c37967b5f89",
  "count": 1
}
---
[2026-04-03T15:42:47.876Z] [DEBUG] Claims retrieved
{
  "userId": "69cfd61ec1802c37967b5f89",
  "count": 1
}
---
[2026-04-03T15:43:10.052Z] [DEBUG] Forecast cache hit
{
  "city": "srinagar",
  "cached": true
}
---
[2026-04-03T15:43:10.173Z] [DEBUG] Weather cache hit
{
  "city": "srinagar",
  "cached": true
}
---
[2026-04-03T15:43:10.317Z] [INFO] Claim eligibility evaluated
{
  "userId": "69cfd61ec1802c37967b5f89",
  "city": "srinagar",
  "rain": 0,
  "threshold": 0.3,
  "decision": "NOT_ELIGIBLE",
  "status": "not_eligible"
}
---
[2026-04-03T15:43:10.490Z] [DEBUG] Forecast cache hit
{
  "city": "srinagar",
  "cached": true
}
---
[2026-04-03T15:43:10.540Z] [DEBUG] Weather cache hit
{
  "city": "srinagar",
  "cached": true
}
---
[2026-04-03T15:43:10.612Z] [DEBUG] Weather cache hit
{
  "city": "srinagar",
  "cached": true
}
---
[2026-04-03T15:43:10.616Z] [DEBUG] Weather cache hit
{
  "city": "srinagar",
  "cached": true
}
---
[2026-04-03T15:43:10.618Z] [DEBUG] Forecast cache hit
{
  "city": "srinagar",
  "cached": true
}
---
[2026-04-03T15:43:10.749Z] [INFO] Claim eligibility evaluated
{
  "userId": "69cfd61ec1802c37967b5f89",
  "city": "srinagar",
  "rain": 0,
  "threshold": 0.3,
  "decision": "NOT_ELIGIBLE",
  "status": "not_eligible"
}
---
[2026-04-03T15:43:10.922Z] [DEBUG] Weather cache hit
{
  "city": "srinagar",
  "cached": true
}
---
[2026-04-03T15:43:10.975Z] [DEBUG] Weather cache hit
{
  "city": "srinagar",
  "cached": true
}
---
[2026-04-03T15:43:10.977Z] [DEBUG] Forecast cache hit
{
  "city": "srinagar",
  "cached": true
}
---
[2026-04-03T15:43:20.208Z] [INFO] Claim auto request received
{
  "userId": "69cfd61ec1802c37967b5f89",
  "ip": "::1",
  "timestamp": "2026-04-03T15:43:20.207Z"
}
---
[2026-04-03T15:43:20.275Z] [WARN] Fraud check: RATE_LIMIT_EXCEEDED
{
  "userId": "69cfd61ec1802c37967b5f89",
  "result": true,
  "reason": "User exceeded 5 requests/min. Retry after 264s"
}
---
[2026-04-03T15:43:20.277Z] [ERROR] Rate limit exceeded. Maximum 5 requests per minute. Retry after 264 seconds.
{
  "statusCode": 429,
  "errorCode": "RATE_LIMIT_EXCEEDED",
  "userId": "69cfd61ec1802c37967b5f89",
  "path": "/api/claim/auto",
  "method": "POST",
  "ip": "::1",
  "stack": "Error: Rate limit exceeded. Maximum 5 requests per minute. Retry after 264 seconds.\n    at rateLimiterClaimAuto (D:\\ctkmani\\ctkmani\\server\\middleware\\rateLimiter.js:82:19)\n    at Layer.handle [as handle_request] (D:\\ctkmani\\ctkmani\\server\\node_modules\\express\\lib\\router\\layer.js:95:5)\n    at next (D:\\ctkmani\\ctkmani\\server\\node_modules\\express\\lib\\router\\route.js:149:13)\n    at required (D:\\ctkmani\\ctkmani\\server\\middleware\\authMiddleware.js:32:7)\n    at process.processTicksAndRejections (node:internal/process/task_queues:105:5)"
}
---
[2026-04-03T15:43:20.446Z] [DEBUG] Weather cache hit
{
  "city": "srinagar",
  "cached": true
}
---
[2026-04-03T15:43:20.627Z] [INFO] Claim eligibility evaluated
{
  "userId": "69cfd61ec1802c37967b5f89",
  "city": "srinagar",
  "rain": 0,
  "threshold": 0.3,
  "decision": "NOT_ELIGIBLE",
  "status": "not_eligible"
}
---
[2026-04-03T15:43:20.629Z] [INFO] Claim automation completed successfully
{
  "userId": "69cfd61ec1802c37967b5f89",
  "city": "srinagar",
  "rainMm": 0,
  "claimCreated": true,
  "claimDecision": "not_eligible"
}
---
[2026-04-03T15:43:21.073Z] [DEBUG] Claims retrieved
{
  "userId": "69cfd61ec1802c37967b5f89",
  "count": 1
}
---
[2026-04-03T15:43:27.992Z] [WARN] Fraud check: RATE_LIMIT_EXCEEDED
{
  "userId": "69cfd61ec1802c37967b5f89",
  "result": true,
  "reason": "User exceeded 5 requests/min. Retry after 256s"
}
---
[2026-04-03T15:43:27.994Z] [ERROR] Rate limit exceeded. Maximum 5 requests per minute. Retry after 256 seconds.
{
  "statusCode": 429,
  "errorCode": "RATE_LIMIT_EXCEEDED",
  "userId": "69cfd61ec1802c37967b5f89",
  "path": "/api/claim/auto",
  "method": "POST",
  "ip": "::1",
  "stack": "Error: Rate limit exceeded. Maximum 5 requests per minute. Retry after 256 seconds.\n    at rateLimiterClaimAuto (D:\\ctkmani\\ctkmani\\server\\middleware\\rateLimiter.js:82:19)\n    at Layer.handle [as handle_request] (D:\\ctkmani\\ctkmani\\server\\node_modules\\express\\lib\\router\\layer.js:95:5)\n    at next (D:\\ctkmani\\ctkmani\\server\\node_modules\\express\\lib\\router\\route.js:149:13)\n    at required (D:\\ctkmani\\ctkmani\\server\\middleware\\authMiddleware.js:32:7)\n    at process.processTicksAndRejections (node:internal/process/task_queues:105:5)"
}
---
[2026-04-03T15:43:28.198Z] [WARN] Fraud check: RATE_LIMIT_EXCEEDED
{
  "userId": "69cfd61ec1802c37967b5f89",
  "result": true,
  "reason": "User exceeded 5 requests/min. Retry after 256s"
}
---
[2026-04-03T15:43:28.200Z] [ERROR] Rate limit exceeded. Maximum 5 requests per minute. Retry after 256 seconds.
{
  "statusCode": 429,
  "errorCode": "RATE_LIMIT_EXCEEDED",
  "userId": "69cfd61ec1802c37967b5f89",
  "path": "/api/claim/auto",
  "method": "POST",
  "ip": "::1",
  "stack": "Error: Rate limit exceeded. Maximum 5 requests per minute. Retry after 256 seconds.\n    at rateLimiterClaimAuto (D:\\ctkmani\\ctkmani\\server\\middleware\\rateLimiter.js:82:19)\n    at Layer.handle [as handle_request] (D:\\ctkmani\\ctkmani\\server\\node_modules\\express\\lib\\router\\layer.js:95:5)\n    at next (D:\\ctkmani\\ctkmani\\server\\node_modules\\express\\lib\\router\\route.js:149:13)\n    at required (D:\\ctkmani\\ctkmani\\server\\middleware\\authMiddleware.js:32:7)\n    at process.processTicksAndRejections (node:internal/process/task_queues:105:5)"
}
---
[2026-04-03T15:43:30.850Z] [WARN] Fraud check: RATE_LIMIT_EXCEEDED
{
  "userId": "69cfd61ec1802c37967b5f89",
  "result": true,
  "reason": "User exceeded 5 requests/min. Retry after 253s"
}
---
[2026-04-03T15:43:30.852Z] [ERROR] Rate limit exceeded. Maximum 5 requests per minute. Retry after 253 seconds.
{
  "statusCode": 429,
  "errorCode": "RATE_LIMIT_EXCEEDED",
  "userId": "69cfd61ec1802c37967b5f89",
  "path": "/api/claim/auto",
  "method": "POST",
  "ip": "::1",
  "stack": "Error: Rate limit exceeded. Maximum 5 requests per minute. Retry after 253 seconds.\n    at rateLimiterClaimAuto (D:\\ctkmani\\ctkmani\\server\\middleware\\rateLimiter.js:82:19)\n    at Layer.handle [as handle_request] (D:\\ctkmani\\ctkmani\\server\\node_modules\\express\\lib\\router\\layer.js:95:5)\n    at next (D:\\ctkmani\\ctkmani\\server\\node_modules\\express\\lib\\router\\route.js:149:13)\n    at required (D:\\ctkmani\\ctkmani\\server\\middleware\\authMiddleware.js:32:7)\n    at process.processTicksAndRejections (node:internal/process/task_queues:105:5)"
}
---
[2026-04-03T15:43:30.975Z] [WARN] Fraud check: RATE_LIMIT_EXCEEDED
{
  "userId": "69cfd61ec1802c37967b5f89",
  "result": true,
  "reason": "User exceeded 5 requests/min. Retry after 253s"
}
---
[2026-04-03T15:43:30.977Z] [ERROR] Rate limit exceeded. Maximum 5 requests per minute. Retry after 253 seconds.
{
  "statusCode": 429,
  "errorCode": "RATE_LIMIT_EXCEEDED",
  "userId": "69cfd61ec1802c37967b5f89",
  "path": "/api/claim/auto",
  "method": "POST",
  "ip": "::1",
  "stack": "Error: Rate limit exceeded. Maximum 5 requests per minute. Retry after 253 seconds.\n    at rateLimiterClaimAuto (D:\\ctkmani\\ctkmani\\server\\middleware\\rateLimiter.js:82:19)\n    at Layer.handle [as handle_request] (D:\\ctkmani\\ctkmani\\server\\node_modules\\express\\lib\\router\\layer.js:95:5)\n    at next (D:\\ctkmani\\ctkmani\\server\\node_modules\\express\\lib\\router\\route.js:149:13)\n    at required (D:\\ctkmani\\ctkmani\\server\\middleware\\authMiddleware.js:32:7)\n    at process.processTicksAndRejections (node:internal/process/task_queues:105:5)"
}
---
[2026-04-03T15:43:32.171Z] [WARN] Fraud check: RATE_LIMIT_EXCEEDED
{
  "userId": "69cfd61ec1802c37967b5f89",
  "result": true,
  "reason": "User exceeded 5 requests/min. Retry after 252s"
}
---
[2026-04-03T15:43:32.172Z] [ERROR] Rate limit exceeded. Maximum 5 requests per minute. Retry after 252 seconds.
{
  "statusCode": 429,
  "errorCode": "RATE_LIMIT_EXCEEDED",
  "userId": "69cfd61ec1802c37967b5f89",
  "path": "/api/claim/auto",
  "method": "POST",
  "ip": "::1",
  "stack": "Error: Rate limit exceeded. Maximum 5 requests per minute. Retry after 252 seconds.\n    at rateLimiterClaimAuto (D:\\ctkmani\\ctkmani\\server\\middleware\\rateLimiter.js:82:19)\n    at Layer.handle [as handle_request] (D:\\ctkmani\\ctkmani\\server\\node_modules\\express\\lib\\router\\layer.js:95:5)\n    at next (D:\\ctkmani\\ctkmani\\server\\node_modules\\express\\lib\\router\\route.js:149:13)\n    at required (D:\\ctkmani\\ctkmani\\server\\middleware\\authMiddleware.js:32:7)\n    at process.processTicksAndRejections (node:internal/process/task_queues:105:5)"
}
---
[2026-04-03T15:43:41.565Z] [DEBUG] Forecast cache hit
{
  "city": "srinagar",
  "cached": true
}
---
[2026-04-03T15:43:41.667Z] [DEBUG] Weather cache hit
{
  "city": "srinagar",
  "cached": true
}
---
[2026-04-03T15:43:41.782Z] [INFO] Claim eligibility evaluated
{
  "userId": "69cfd61ec1802c37967b5f89",
  "city": "srinagar",
  "rain": 0,
  "threshold": 0.3,
  "decision": "NOT_ELIGIBLE",
  "status": "not_eligible"
}
---
[2026-04-03T15:43:41.937Z] [DEBUG] Forecast cache hit
{
  "city": "srinagar",
  "cached": true
}
---
[2026-04-03T15:43:42.002Z] [DEBUG] Weather cache hit
{
  "city": "srinagar",
  "cached": true
}
---
[2026-04-03T15:43:42.042Z] [DEBUG] Weather cache hit
{
  "city": "srinagar",
  "cached": true
}
---
[2026-04-03T15:43:42.071Z] [DEBUG] Weather cache hit
{
  "city": "srinagar",
  "cached": true
}
---
[2026-04-03T15:43:42.072Z] [DEBUG] Forecast cache hit
{
  "city": "srinagar",
  "cached": true
}
---
[2026-04-03T15:43:42.166Z] [INFO] Claim eligibility evaluated
{
  "userId": "69cfd61ec1802c37967b5f89",
  "city": "srinagar",
  "rain": 0,
  "threshold": 0.3,
  "decision": "NOT_ELIGIBLE",
  "status": "not_eligible"
}
---
[2026-04-03T15:43:42.342Z] [DEBUG] Weather cache hit
{
  "city": "srinagar",
  "cached": true
}
---
[2026-04-03T15:43:42.397Z] [DEBUG] Weather cache hit
{
  "city": "srinagar",
  "cached": true
}
---
[2026-04-03T15:43:42.400Z] [DEBUG] Forecast cache hit
{
  "city": "srinagar",
  "cached": true
}
---
[2026-04-03T15:44:14.502Z] [INFO] Claim scheduler started
{
  "scanIntervalMs": 1800000,
  "startupDelayMs": 5000
}
---
[2026-04-03T15:44:19.709Z] [INFO] Claim scheduler run completed
{
  "checkedUsers": 11,
  "createdOrUpdatedClaims": 0,
  "skippedUsers": 9,
  "failedUsers": 0,
  "durationMs": 202
}
---
[2026-04-03T15:44:22.305Z] [DEBUG] Fetching current weather from API
{
  "city": "srinagar"
}
---
[2026-04-03T15:44:22.624Z] [INFO] Current weather fetched successfully
{
  "city": "srinagar",
  "temp": 10.84,
  "condition": "Clouds"
}
---
[2026-04-03T15:44:22.762Z] [DEBUG] Weather cache hit
{
  "city": "srinagar",
  "cached": true
}
---
[2026-04-03T15:44:22.962Z] [INFO] Claim eligibility evaluated
{
  "userId": "69cfd61ec1802c37967b5f89",
  "city": "srinagar",
  "rain": 0,
  "threshold": 0.3,
  "decision": "NOT_ELIGIBLE",
  "status": "not_eligible"
}
---
[2026-04-03T15:44:23.171Z] [DEBUG] Weather cache hit
{
  "city": "srinagar",
  "cached": true
}
---
[2026-04-03T15:44:23.175Z] [DEBUG] Weather cache hit
{
  "city": "srinagar",
  "cached": true
}
---
[2026-04-03T15:44:23.232Z] [DEBUG] Weather cache hit
{
  "city": "srinagar",
  "cached": true
}
---
[2026-04-03T15:44:23.233Z] [DEBUG] Fetching 5-day forecast from API
{
  "city": "srinagar"
}
---
[2026-04-03T15:44:23.305Z] [DEBUG] Weather cache hit
{
  "city": "srinagar",
  "cached": true
}
---
[2026-04-03T15:44:23.317Z] [INFO] 5-day forecast fetched successfully
{
  "city": "srinagar",
  "forecastItems": 40
}
---
[2026-04-03T15:44:23.589Z] [INFO] Claim eligibility evaluated
{
  "userId": "69cfd61ec1802c37967b5f89",
  "city": "srinagar",
  "rain": 0,
  "threshold": 0.3,
  "decision": "NOT_ELIGIBLE",
  "status": "not_eligible"
}
---
[2026-04-03T15:44:23.786Z] [DEBUG] Weather cache hit
{
  "city": "srinagar",
  "cached": true
}
---
[2026-04-03T15:44:23.846Z] [DEBUG] Weather cache hit
{
  "city": "srinagar",
  "cached": true
}
---
[2026-04-03T15:44:23.848Z] [DEBUG] Forecast cache hit
{
  "city": "srinagar",
  "cached": true
}
---
[2026-04-03T15:44:43.532Z] [DEBUG] Weather cache hit
{
  "city": "srinagar",
  "cached": true
}
---
[2026-04-03T15:44:43.645Z] [DEBUG] Weather cache hit
{
  "city": "srinagar",
  "cached": true
}
---
[2026-04-03T15:44:43.799Z] [INFO] Claim eligibility evaluated
{
  "userId": "69cfd61ec1802c37967b5f89",
  "city": "srinagar",
  "rain": 0,
  "threshold": 0.3,
  "decision": "NOT_ELIGIBLE",
  "status": "not_eligible"
}
---
[2026-04-03T15:44:43.962Z] [DEBUG] Weather cache hit
{
  "city": "srinagar",
  "cached": true
}
---
[2026-04-03T15:44:43.997Z] [DEBUG] Weather cache hit
{
  "city": "srinagar",
  "cached": true
}
---
[2026-04-03T15:44:44.069Z] [DEBUG] Weather cache hit
{
  "city": "srinagar",
  "cached": true
}
---
[2026-04-03T15:44:44.070Z] [DEBUG] Forecast cache hit
{
  "city": "srinagar",
  "cached": true
}
---
[2026-04-03T15:44:44.080Z] [DEBUG] Weather cache hit
{
  "city": "srinagar",
  "cached": true
}
---
[2026-04-03T15:44:44.228Z] [INFO] Claim eligibility evaluated
{
  "userId": "69cfd61ec1802c37967b5f89",
  "city": "srinagar",
  "rain": 0,
  "threshold": 0.3,
  "decision": "NOT_ELIGIBLE",
  "status": "not_eligible"
}
---
[2026-04-03T15:44:44.392Z] [DEBUG] Weather cache hit
{
  "city": "srinagar",
  "cached": true
}
---
[2026-04-03T15:44:44.446Z] [DEBUG] Weather cache hit
{
  "city": "srinagar",
  "cached": true
}
---
[2026-04-03T15:44:44.449Z] [DEBUG] Forecast cache hit
{
  "city": "srinagar",
  "cached": true
}
---
[2026-04-03T15:44:47.383Z] [INFO] Claim auto request received
{
  "userId": "69cfd61ec1802c37967b5f89",
  "ip": "::1",
  "timestamp": "2026-04-03T15:44:47.383Z"
}
---
[2026-04-03T15:44:47.458Z] [DEBUG] Weather cache hit
{
  "city": "srinagar",
  "cached": true
}
---
[2026-04-03T15:44:47.465Z] [INFO] Claim auto request received
{
  "userId": "69cfd61ec1802c37967b5f89",
  "ip": "::1",
  "timestamp": "2026-04-03T15:44:47.464Z"
}
---
[2026-04-03T15:44:47.564Z] [DEBUG] Weather cache hit
{
  "city": "srinagar",
  "cached": true
}
---
[2026-04-03T15:44:47.607Z] [INFO] Claim eligibility evaluated
{
  "userId": "69cfd61ec1802c37967b5f89",
  "city": "srinagar",
  "rain": 0,
  "threshold": 0.3,
  "decision": "NOT_ELIGIBLE",
  "status": "not_eligible"
}
---
[2026-04-03T15:44:47.609Z] [INFO] Claim automation completed successfully
{
  "userId": "69cfd61ec1802c37967b5f89",
  "city": "srinagar",
  "rainMm": 0,
  "claimCreated": true,
  "claimDecision": "not_eligible"
}
---
[2026-04-03T15:44:47.724Z] [DEBUG] Claims retrieved
{
  "userId": "69cfd61ec1802c37967b5f89",
  "count": 1
}
---
[2026-04-03T15:44:47.751Z] [INFO] Claim eligibility evaluated
{
  "userId": "69cfd61ec1802c37967b5f89",
  "city": "srinagar",
  "rain": 0,
  "threshold": 0.3,
  "decision": "NOT_ELIGIBLE",
  "status": "not_eligible"
}
---
[2026-04-03T15:44:47.754Z] [INFO] Claim automation completed successfully
{
  "userId": "69cfd61ec1802c37967b5f89",
  "city": "srinagar",
  "rainMm": 0,
  "claimCreated": true,
  "claimDecision": "not_eligible"
}
---
[2026-04-03T15:44:47.877Z] [DEBUG] Claims retrieved
{
  "userId": "69cfd61ec1802c37967b5f89",
  "count": 1
}
---
[2026-04-03T15:44:52.281Z] [INFO] Claim auto request received
{
  "userId": "69cfd61ec1802c37967b5f89",
  "ip": "::1",
  "timestamp": "2026-04-03T15:44:52.280Z"
}
---
[2026-04-03T15:44:52.355Z] [DEBUG] Weather cache hit
{
  "city": "srinagar",
  "cached": true
}
---
[2026-04-03T15:44:52.384Z] [INFO] Claim auto request received
{
  "userId": "69cfd61ec1802c37967b5f89",
  "ip": "::1",
  "timestamp": "2026-04-03T15:44:52.383Z"
}
---
[2026-04-03T15:44:52.474Z] [DEBUG] Weather cache hit
{
  "city": "srinagar",
  "cached": true
}
---
[2026-04-03T15:44:52.488Z] [INFO] Claim eligibility evaluated
{
  "userId": "69cfd61ec1802c37967b5f89",
  "city": "srinagar",
  "rain": 0,
  "threshold": 0.3,
  "decision": "NOT_ELIGIBLE",
  "status": "not_eligible"
}
---
[2026-04-03T15:44:52.489Z] [INFO] Claim automation completed successfully
{
  "userId": "69cfd61ec1802c37967b5f89",
  "city": "srinagar",
  "rainMm": 0,
  "claimCreated": true,
  "claimDecision": "not_eligible"
}
---
[2026-04-03T15:44:52.589Z] [DEBUG] Claims retrieved
{
  "userId": "69cfd61ec1802c37967b5f89",
  "count": 1
}
---
[2026-04-03T15:44:52.634Z] [INFO] Claim eligibility evaluated
{
  "userId": "69cfd61ec1802c37967b5f89",
  "city": "srinagar",
  "rain": 0,
  "threshold": 0.3,
  "decision": "NOT_ELIGIBLE",
  "status": "not_eligible"
}
---
[2026-04-03T15:44:52.636Z] [INFO] Claim automation completed successfully
{
  "userId": "69cfd61ec1802c37967b5f89",
  "city": "srinagar",
  "rainMm": 0,
  "claimCreated": true,
  "claimDecision": "not_eligible"
}
---
[2026-04-03T15:44:52.760Z] [DEBUG] Claims retrieved
{
  "userId": "69cfd61ec1802c37967b5f89",
  "count": 1
}
---
[2026-04-03T15:44:57.114Z] [DEBUG] Weather cache hit
{
  "city": "srinagar",
  "cached": true
}
---
[2026-04-03T15:44:57.236Z] [DEBUG] Weather cache hit
{
  "city": "srinagar",
  "cached": true
}
---
[2026-04-03T15:44:57.376Z] [INFO] Claim eligibility evaluated
{
  "userId": "69cfd61ec1802c37967b5f89",
  "city": "srinagar",
  "rain": 0,
  "threshold": 0.3,
  "decision": "NOT_ELIGIBLE",
  "status": "not_eligible"
}
---
[2026-04-03T15:44:57.548Z] [DEBUG] Weather cache hit
{
  "city": "srinagar",
  "cached": true
}
---
[2026-04-03T15:44:57.568Z] [DEBUG] Weather cache hit
{
  "city": "srinagar",
  "cached": true
}
---
[2026-04-03T15:44:57.634Z] [DEBUG] Weather cache hit
{
  "city": "srinagar",
  "cached": true
}
---
[2026-04-03T15:44:57.635Z] [DEBUG] Forecast cache hit
{
  "city": "srinagar",
  "cached": true
}
---
[2026-04-03T15:44:57.670Z] [DEBUG] Weather cache hit
{
  "city": "srinagar",
  "cached": true
}
---
[2026-04-03T15:44:57.823Z] [INFO] Claim eligibility evaluated
{
  "userId": "69cfd61ec1802c37967b5f89",
  "city": "srinagar",
  "rain": 0,
  "threshold": 0.3,
  "decision": "NOT_ELIGIBLE",
  "status": "not_eligible"
}
---
[2026-04-03T15:44:57.999Z] [DEBUG] Weather cache hit
{
  "city": "srinagar",
  "cached": true
}
---
[2026-04-03T15:44:58.051Z] [DEBUG] Weather cache hit
{
  "city": "srinagar",
  "cached": true
}
---
[2026-04-03T15:44:58.052Z] [DEBUG] Forecast cache hit
{
  "city": "srinagar",
  "cached": true
}
---
[2026-04-03T15:46:20.774Z] [DEBUG] Fetching current weather from API
{
  "city": "Bangalore"
}
---
[2026-04-03T15:46:20.963Z] [INFO] Current weather fetched successfully
{
  "city": "Bangalore",
  "temp": 29.28,
  "condition": "Clouds"
}
---
[2026-04-03T15:46:21.119Z] [DEBUG] Weather cache hit
{
  "city": "Bangalore",
  "cached": true
}
---
[2026-04-03T15:46:21.155Z] [DEBUG] Weather cache hit
{
  "city": "Bangalore",
  "cached": true
}
---
[2026-04-03T15:46:21.288Z] [DEBUG] Weather cache hit
{
  "city": "Bangalore",
  "cached": true
}
---
[2026-04-03T15:47:20.459Z] [DEBUG] Fetching current weather from API
{
  "city": "pune"
}
---
[2026-04-03T15:47:20.615Z] [INFO] Current weather fetched successfully
{
  "city": "pune",
  "temp": 26.75,
  "condition": "Clouds"
}
---
[2026-04-03T15:47:20.791Z] [DEBUG] Weather cache hit
{
  "city": "pune",
  "cached": true
}
---
[2026-04-03T15:47:55.124Z] [DEBUG] Weather cache hit
{
  "city": "pune",
  "cached": true
}
---
[2026-04-03T15:47:55.287Z] [DEBUG] Weather cache hit
{
  "city": "pune",
  "cached": true
}
---
[2026-04-03T15:47:55.315Z] [DEBUG] Weather cache hit
{
  "city": "pune",
  "cached": true
}
---
[2026-04-03T15:47:55.379Z] [DEBUG] Weather cache hit
{
  "city": "pune",
  "cached": true
}
---
[2026-04-03T15:47:55.380Z] [DEBUG] Fetching 5-day forecast from API
{
  "city": "pune"
}
---
[2026-04-03T15:47:55.506Z] [DEBUG] Weather cache hit
{
  "city": "pune",
  "cached": true
}
---
[2026-04-03T15:47:55.540Z] [INFO] 5-day forecast fetched successfully
{
  "city": "pune",
  "forecastItems": 40
}
---
[2026-04-03T15:47:55.639Z] [DEBUG] Weather cache hit
{
  "city": "pune",
  "cached": true
}
---
[2026-04-03T15:47:55.640Z] [DEBUG] Forecast cache hit
{
  "city": "pune",
  "cached": true
}
---
[2026-04-03T15:48:19.095Z] [DEBUG] Weather cache hit
{
  "city": "pune",
  "cached": true
}
---
[2026-04-03T15:48:19.207Z] [DEBUG] Weather cache hit
{
  "city": "pune",
  "cached": true
}
---
[2026-04-03T15:48:19.333Z] [INFO] Claim eligibility evaluated
{
  "userId": "69cfe0c446d49e9c9b97b99b",
  "city": "pune",
  "rain": 0,
  "threshold": 10,
  "decision": "NOT_ELIGIBLE",
  "status": "not_eligible"
}
---
[2026-04-03T15:48:19.496Z] [DEBUG] Weather cache hit
{
  "city": "pune",
  "cached": true
}
---
[2026-04-03T15:48:19.525Z] [DEBUG] Weather cache hit
{
  "city": "pune",
  "cached": true
}
---
[2026-04-03T15:48:19.599Z] [DEBUG] Weather cache hit
{
  "city": "pune",
  "cached": true
}
---
[2026-04-03T15:48:19.601Z] [DEBUG] Forecast cache hit
{
  "city": "pune",
  "cached": true
}
---
[2026-04-03T15:48:19.608Z] [DEBUG] Weather cache hit
{
  "city": "pune",
  "cached": true
}
---
[2026-04-03T15:48:19.732Z] [INFO] Claim eligibility evaluated
{
  "userId": "69cfe0c446d49e9c9b97b99b",
  "city": "pune",
  "rain": 0,
  "threshold": 10,
  "decision": "NOT_ELIGIBLE",
  "status": "not_eligible"
}
---
[2026-04-03T15:48:19.892Z] [DEBUG] Weather cache hit
{
  "city": "pune",
  "cached": true
}
---
[2026-04-03T15:48:19.943Z] [DEBUG] Weather cache hit
{
  "city": "pune",
  "cached": true
}
---
[2026-04-03T15:48:19.945Z] [DEBUG] Forecast cache hit
{
  "city": "pune",
  "cached": true
}
---
